Index,IssueID,Name,InjectVersion,OpeningVersion,AffectedVersions,FixVersions
1,13614695,OPENJPA-2936,4.0.1,4.1.0,"4.0.1;4.1.0","4.1.1"
2,13605430,OPENJPA-2933,4.0.1,4.0.1,"4.0.1","4.1.0"
3,13605078,OPENJPA-2932,4.0.1,4.0.1,"4.0.1","4.1.0"
4,13602968,OPENJPA-2930,4.0.1,4.0.1,"4.0.1","4.1.0"
5,13593524,OPENJPA-2928,4.0.1,4.0.1,"4.0.1","4.1.0"
6,13590180,OPENJPA-2925,3.2.2,4.0.0,"3.2.2;4.0.0","4.1.1"
7,13585390,OPENJPA-2923,4.0.0,4.0.0,"4.0.0","4.0.1"
8,13580595,OPENJPA-2921,4.0.0,4.0.0,"4.0.0","4.0.1"
9,13560226,OPENJPA-2918,N/A,3.2.2,"",""
10,13551137,OPENJPA-2915,3.2.2,3.2.2,"3.2.2","4.0.0"
11,13533336,OPENJPA-2907,3.2.2,3.2.2,"3.2.2",""
12,13427435,OPENJPA-2898,3.2.1,3.2.1,"3.2.1;3.2.2","4.1.0"
13,13418216,OPENJPA-2896,N/A,3.2.0,"","3.2.1"
14,13414503,OPENJPA-2891,3.2.0,3.2.0,"3.2.0","3.2.1"
15,13413196,OPENJPA-2889,3.2.0,3.2.0,"3.2.0","3.2.1"
16,13407779,OPENJPA-2883,3.2.0,3.2.0,"3.2.0","3.2.1"
17,13406236,OPENJPA-2882,N/A,3.2.0,"","3.2.1"
18,13389149,OPENJPA-2877,N/A,3.2.0,"","3.2.1"
19,13383264,OPENJPA-2876,3.0.0,3.2.0,"3.0.0","3.2.1"
20,13377427,OPENJPA-2871,3.2.0,3.1.2,"3.2.0","3.2.0"
21,13370796,OPENJPA-2866,3.1.2,3.1.2,"3.1.2","3.2.0"
22,13370640,OPENJPA-2865,3.1.2,3.1.2,"3.1.2","3.2.0"
23,13370381,OPENJPA-2864,3.1.2,3.1.2,"3.1.2","3.2.0"
24,13370336,OPENJPA-2863,3.1.2,3.1.2,"3.1.2","3.2.0"
25,13369867,OPENJPA-2862,3.1.2,3.1.2,"3.1.2","3.2.0"
26,13369821,OPENJPA-2861,3.1.2,3.1.2,"3.1.2","3.2.0"
27,13369612,OPENJPA-2860,3.1.2,3.1.2,"3.1.2","3.2.0"
28,13369478,OPENJPA-2859,3.1.2,3.1.2,"3.1.2","3.2.0"
29,13369444,OPENJPA-2858,3.1.2,3.1.2,"3.1.2","3.2.0"
30,13369411,OPENJPA-2857,3.1.2,3.1.2,"3.1.2","3.2.0"
31,13369393,OPENJPA-2856,3.1.2,3.1.2,"3.1.2","3.2.0"
32,13369194,OPENJPA-2855,3.2.0,3.1.2,"3.2.0","3.2.0"
33,13369137,OPENJPA-2854,3.1.2,3.1.2,"3.1.2","3.2.0"
34,13368675,OPENJPA-2851,3.1.2,3.1.2,"3.1.2","3.2.0"
35,13368546,OPENJPA-2850,3.1.2,3.1.2,"3.1.2","3.2.0"
36,13368188,OPENJPA-2849,3.1.2,3.1.2,"3.1.2","3.2.0"
37,13362330,OPENJPA-2848,3.1.2,3.1.2,"3.1.2",""
38,13347111,OPENJPA-2846,3.1.2,3.1.2,"3.1.2","3.2.0"
39,13343524,OPENJPA-2843,3.1.2,3.1.2,"3.1.2","3.2.0"
40,13343379,OPENJPA-2842,3.1.2,3.1.2,"3.1.2","3.2.0"
41,13330140,OPENJPA-2834,3.1.1,3.1.2,"3.1.1","3.2.0"
42,13329774,OPENJPA-2832,N/A,3.1.2,"","3.2.0"
43,13327700,OPENJPA-2830,N/A,3.1.2,"","3.2.0"
44,13327695,OPENJPA-2829,N/A,3.1.2,"","3.2.0"
45,13327639,OPENJPA-2828,3.1.2,3.1.2,"3.1.2","3.2.0"
46,13326284,OPENJPA-2827,N/A,3.1.2,"",""
47,13318915,OPENJPA-2821,3.1.2,3.1.2,"3.1.2","3.2.0"
48,13300132,OPENJPA-2810,3.1.1,3.1.1,"3.1.1","3.1.2"
49,13288239,OPENJPA-2807,3.1.1,3.1.1,"3.1.1","3.1.2"
50,13281596,OPENJPA-2802,3.1.0,3.1.0,"3.1.0",""
51,13275175,OPENJPA-2799,3.1.0,3.1.0,"3.1.0","3.1.1"
52,13253665,OPENJPA-2795,2.4.3,3.1.0,"2.4.3;3.1.0","3.2.0"
53,13241314,OPENJPA-2791,2.4.3,3.1.0,"2.4.3","3.1.0"
54,13240239,OPENJPA-2789,2.4.3,3.1.0,"2.4.3","3.2.0"
55,13228776,OPENJPA-2788,3.1.0,3.1.0,"3.1.0","3.2.0"
56,13227117,OPENJPA-2785,3.1.0,3.0.0,"3.1.0","3.1.0"
57,13223173,OPENJPA-2781,N/A,3.0.0,"","3.1.0"
58,13222843,OPENJPA-2780,2.4.2,3.0.0,"2.4.2;2.4.3;3.0.0","3.1.0"
59,13218858,OPENJPA-2777,3.0.0,3.0.0,"3.0.0","3.1.0"
60,13213478,OPENJPA-2772,3.0.0,3.0.0,"3.0.0","3.1.0"
61,13213471,OPENJPA-2771,3.0.0,3.0.0,"3.0.0","3.1.0"
62,13211132,OPENJPA-2770,2.4.2,3.0.0,"2.4.2;2.4.3;3.0.0","3.1.0"
63,13208761,OPENJPA-2768,3.0.0,3.0.0,"3.0.0","3.1.0"
64,13207236,OPENJPA-2764,3.0.0,3.0.0,"3.0.0","3.1.0"
65,13203088,OPENJPA-2761,2.2.1,3.0.0,"2.2.1;2.4.3;3.0.0","3.1.0"
66,13197604,OPENJPA-2757,3.0.0,3.0.0,"3.0.0","3.1.0"
67,13197602,OPENJPA-2756,3.0.0,3.0.0,"3.0.0","3.1.0"
68,13179257,OPENJPA-2746,N/A,3.0.0,"","3.1.0"
69,13171751,OPENJPA-2743,2.4.2,3.0.0,"2.4.2","3.1.1"
70,13169066,OPENJPA-2742,2.4.3,3.0.0,"2.4.3;3.0.0","3.1.0"
71,13150873,OPENJPA-2733,2.4.2,2.4.2,"2.4.2","3.1.0"
72,13148406,OPENJPA-2731,2.2.2,2.4.2,"2.2.2","3.2.0"
73,13128235,OPENJPA-2725,2.4.2,2.4.2,"2.4.2","2.4.3;3.0.0"
74,13089058,OPENJPA-2707,3.0.0,2.4.2,"3.0.0",""
75,13087231,OPENJPA-2705,2.1.1,2.4.2,"2.1.1",""
76,13085509,OPENJPA-2704,2.2.2,2.4.2,"2.2.2","3.1.0"
77,13068265,OPENJPA-2698,2.2.2,2.4.2,"2.2.2","2.4.3;3.0.0"
78,13049729,OPENJPA-2691,2.4.2,2.4.2,"2.4.2","2.4.3;3.0.0"
79,13049689,OPENJPA-2690,2.4.2,2.4.2,"2.4.2","2.4.3;3.0.0"
80,13046596,OPENJPA-2689,2.4.2,2.4.2,"2.4.2;3.0.0","2.4.3;3.0.0"
81,13028389,OPENJPA-2684,2.3.0,2.4.1,"2.3.0;2.4.1","2.4.2;3.0.0"
82,13013779,OPENJPA-2676,2.4.1,2.4.1,"2.4.1","2.4.2;3.0.0"
83,13013777,OPENJPA-2675,2.4.1,2.4.1,"2.4.1","2.4.2;3.0.0"
84,13013140,OPENJPA-2674,2.4.1,2.4.1,"2.4.1","2.4.2;3.0.0"
85,13011662,OPENJPA-2673,N/A,2.4.1,"","3.1.0"
86,13011101,OPENJPA-2672,2.4.1,2.4.1,"2.4.1","2.4.2;3.0.0"
87,12998751,OPENJPA-2658,2.4.1,2.4.1,"2.4.1","3.0.0"
88,12995760,OPENJPA-2651,2.2.2,2.4.1,"2.2.2;2.3.0;2.4.1","2.4.0;2.4.2"
89,12989655,OPENJPA-2650,2.3.0,2.4.1,"2.3.0;2.4.2","2.4.0;2.4.2"
90,12986113,OPENJPA-2648,2.4.1,2.4.1,"2.4.1","3.2.0"
91,12981420,OPENJPA-2646,2.4.1,2.4.1,"2.4.1","2.4.3;3.0.0"
92,12980275,OPENJPA-2645,1.1.0,2.4.1,"1.1.0;2.0.1;1.2.3;2.2.2;2.3.0",""
93,12958112,OPENJPA-2640,2.4.1,2.4.1,"2.4.1","2.4.2"
94,12956186,OPENJPA-2638,2.2.2,2.4.1,"2.2.2",""
95,12954855,OPENJPA-2636,2.4.2,2.4.1,"2.4.2","2.4.2"
96,12946975,OPENJPA-2632,2.4.1,2.4.1,"2.4.1","2.4.2"
97,12938647,OPENJPA-2631,2.4.1,2.4.0,"2.4.1","2.4.2"
98,12936155,OPENJPA-2628,1.2.3,2.4.0,"1.2.3;2.3.0",""
99,12935076,OPENJPA-2626,2.4.0,2.4.0,"2.4.0","2.4.1"
100,12916621,OPENJPA-2617,2.4.0,2.4.0,"2.4.0","2.4.1"
101,12915363,OPENJPA-2616,1.0.0,2.4.0,"1.0.0;1.0.1;1.0.2;1.1.0;1.0.3;1.2.0;1.2.1;1.2.2;2.0.0;2.0.1;1.0.4;2.1.0;2.1.1;2.2.0;2.2.1;1.2.3;2.2.2;2.3.0;2.4.0","2.4.1"
102,12913703,OPENJPA-2614,2.4.0,2.4.0,"2.4.0","3.2.1"
103,12902522,OPENJPA-2609,2.4.0,2.4.0,"2.4.0","2.4.1"
104,12854226,OPENJPA-2605,2.2.2,2.4.0,"2.2.2;2.4.0","2.4.1"
105,12852374,OPENJPA-2603,2.4.1,2.4.0,"2.4.1","2.4.1"
106,12846325,OPENJPA-2601,2.3.0,2.4.0,"2.3.0;2.4.0","2.4.1"
107,12841422,OPENJPA-2600,2.4.0,2.4.0,"2.4.0","2.4.1"
108,12841234,OPENJPA-2597,N/A,2.4.0,"","2.4.1"
109,12835928,OPENJPA-2596,2.4.0,2.4.0,"2.4.0","2.4.1"
110,12830023,OPENJPA-2586,2.2.2,2.4.0,"2.2.2;2.4.1","2.4.1"
111,12827195,OPENJPA-2582,2.4.0,2.4.0,"2.4.0","2.4.1"
112,12818810,OPENJPA-2576,2.3.0,2.3.0,"2.3.0","2.4.0"
113,12782204,OPENJPA-2573,N/A,2.3.0,"","2.4.0"
114,12777706,OPENJPA-2571,2.4.0,2.3.0,"2.4.0","2.4.0"
115,12771750,OPENJPA-2567,2.3.0,2.3.0,"2.3.0","3.1.0"
116,12766612,OPENJPA-2557,2.2.2,2.3.0,"2.2.2;2.3.0;2.4.0","2.4.0"
117,12765122,OPENJPA-2555,2.2.2,2.3.0,"2.2.2;2.3.0","3.1.0"
118,12760787,OPENJPA-2551,2.2.1,2.3.0,"2.2.1;2.2.2;2.3.0","2.4.0"
119,12758123,OPENJPA-2548,N/A,2.3.0,"",""
120,12757745,OPENJPA-2547,2.2.2,2.3.0,"2.2.2;2.3.0;2.4.0","2.2.2;2.4.0"
121,12754473,OPENJPA-2542,2.3.0,2.3.0,"2.3.0;2.4.0","2.4.0"
122,12750258,OPENJPA-2539,2.1.0,2.3.0,"2.1.0","2.4.1"
123,12747887,OPENJPA-2536,2.3.0,2.3.0,"2.3.0;2.4.0","2.2.2;2.4.0"
124,12746427,OPENJPA-2534,2.3.0,2.3.0,"2.3.0;2.4.0","2.4.0"
125,12746303,OPENJPA-2533,2.2.2,2.3.0,"2.2.2;2.3.0;2.4.0","2.4.0"
126,12736206,OPENJPA-2525,2.2.2,2.3.0,"2.2.2","2.4.0"
127,12727288,OPENJPA-2517,2.2.0,2.3.0,"2.2.0;2.2.1;2.2.2;2.3.0","2.4.1"
128,12726142,OPENJPA-2515,2.3.0,2.3.0,"2.3.0;2.4.0","2.4.0"
129,12717862,OPENJPA-2510,2.4.0,2.3.0,"2.4.0",""
130,12717267,OPENJPA-2508,2.2.2,2.3.0,"2.2.2;2.3.0;2.4.0","2.4.0"
131,12716905,OPENJPA-2507,2.2.0,2.3.0,"2.2.0;2.3.0;2.4.0","2.4.0"
132,12716383,OPENJPA-2506,2.0.1,2.3.0,"2.0.1;2.1.1;2.2.2;2.3.0;2.4.0","2.4.0"
133,12714792,OPENJPA-2505,2.1.0,2.3.0,"2.1.0;2.2.2;2.3.0;2.4.0","2.4.0"
134,12713350,OPENJPA-2502,2.2.1,2.3.0,"2.2.1;2.2.2;2.3.0;2.4.0","2.4.0"
135,12708310,OPENJPA-2494,2.3.0,2.3.0,"2.3.0;2.4.0","2.4.0"
136,12700809,OPENJPA-2482,2.1.1,2.3.0,"2.1.1;2.2.2;2.3.0;2.4.0","2.4.0"
137,12699402,OPENJPA-2480,N/A,2.3.0,"","2.3.0"
138,12694802,OPENJPA-2478,2.2.2,2.3.0,"2.2.2;2.3.0;2.4.0","2.4.0"
139,12693951,OPENJPA-2476,2.1.0,2.3.0,"2.1.0;2.2.0;2.3.0;2.4.0","2.4.0"
140,12692355,OPENJPA-2475,2.1.1,2.3.0,"2.1.1;2.2.2;2.3.0;2.4.0","2.4.0"
141,12689595,OPENJPA-2472,2.2.2,2.3.0,"2.2.2;2.3.0","2.4.0"
142,12688907,OPENJPA-2470,2.0.1,2.3.0,"2.0.1;2.1.1;2.2.2","2.4.0"
143,12685900,OPENJPA-2467,2.2.2,2.3.0,"2.2.2","2.4.0"
144,12682710,OPENJPA-2463,2.0.1,2.3.0,"2.0.1;2.2.2","2.4.0"
145,12679798,OPENJPA-2456,N/A,2.2.2,"","2.4.0"
146,12675569,OPENJPA-2444,2.3.0,2.2.2,"2.3.0","2.3.0;2.4.0"
147,12675132,OPENJPA-2443,2.3.0,2.2.2,"2.3.0;2.4.0","2.3.0;2.4.0"
148,12674871,OPENJPA-2442,2.4.0,2.2.2,"2.4.0","2.4.0"
149,12674821,OPENJPA-2441,2.4.0,2.2.2,"2.4.0","2.4.0"
150,12674126,OPENJPA-2440,2.3.0,2.2.2,"2.3.0","2.3.0"
151,12673459,OPENJPA-2437,N/A,2.2.2,"","2.3.0"
152,12672937,OPENJPA-2435,2.1.0,2.2.2,"2.1.0;2.2.2;2.3.0","2.3.0"
153,12670908,OPENJPA-2432,N/A,2.2.2,"","2.3.0"
154,12666733,OPENJPA-2425,2.3.0,2.2.2,"2.3.0","2.3.0"
155,12665556,OPENJPA-2423,2.1.1,2.2.2,"2.1.1;2.2.2;2.3.0","2.3.0"
156,12663617,OPENJPA-2421,2.2.2,2.2.2,"2.2.2;2.3.0","2.3.0"
157,12662235,OPENJPA-2418,2.3.0,2.2.2,"2.3.0","2.3.0"
158,12659627,OPENJPA-2414,2.3.0,2.2.2,"2.3.0","2.3.0"
159,12657213,OPENJPA-2409,2.2.2,2.2.2,"2.2.2","2.3.0"
160,12654693,OPENJPA-2405,N/A,2.2.2,"","2.3.0"
161,12652902,OPENJPA-2400,N/A,2.2.2,"","2.3.0"
162,12650354,OPENJPA-2391,N/A,2.2.2,"","2.3.0"
163,12649901,OPENJPA-2390,2.2.1,2.2.2,"2.2.1","2.3.0"
164,12648936,OPENJPA-2384,N/A,2.2.2,"","2.3.0"
165,12647764,OPENJPA-2381,2.2.2,2.2.2,"2.2.2","2.4.0"
166,12646130,OPENJPA-2378,2.3.0,2.2.2,"2.3.0","2.3.0"
167,12644570,OPENJPA-2377,N/A,2.2.2,"","2.3.0"
168,12644134,OPENJPA-2374,2.2.1,2.2.2,"2.2.1;2.3.0","2.3.0"
169,12642602,OPENJPA-2369,2.2.1,1.2.2,"2.2.1","2.3.0"
170,12638547,OPENJPA-2357,2.2.0,1.2.2,"2.2.0;2.2.1","2.3.0"
171,12638102,OPENJPA-2355,N/A,1.2.2,"","2.3.0"
172,12634822,OPENJPA-2343,2.2.1,1.2.2,"2.2.1;2.3.0","2.3.0"
173,12634436,OPENJPA-2341,2.2.0,1.2.2,"2.2.0","2.4.1"
174,12633817,OPENJPA-2339,2.2.0,1.2.2,"2.2.0;2.2.1","2.2.1"
175,12633087,OPENJPA-2336,N/A,1.2.2,"","2.3.0"
176,12633067,OPENJPA-2335,N/A,1.2.2,"","2.3.0"
177,12632301,OPENJPA-2334,2.2.2,1.2.2,"2.2.2;2.3.0","2.2.2;2.3.0"
178,12631234,OPENJPA-2330,2.2.0,1.2.2,"2.2.0;2.2.1","2.3.0"
179,12630095,OPENJPA-2328,2.1.1,1.2.2,"2.1.1;2.2.0;2.2.1","2.3.0"
180,12628822,OPENJPA-2326,2.3.0,1.2.2,"2.3.0","2.2.2;2.3.0"
181,12628714,OPENJPA-2325,2.3.0,1.2.2,"2.3.0","2.3.0"
182,12627027,OPENJPA-2321,N/A,1.2.2,"","2.2.2;2.3.0"
183,12626461,OPENJPA-2320,N/A,1.2.2,"","2.2.2;2.3.0"
184,12626144,OPENJPA-2318,2.1.1,1.2.2,"2.1.1","2.3.0"
185,12623454,OPENJPA-2308,2.1.0,1.2.2,"2.1.0;2.1.1;2.2.0",""
186,12623452,OPENJPA-2307,N/A,1.2.2,"",""
187,12623450,OPENJPA-2306,N/A,1.2.2,"",""
188,12623423,OPENJPA-2304,N/A,1.2.2,"","2.2.2;2.3.0"
189,12617576,OPENJPA-2300,2.2.1,1.2.2,"2.2.1","3.0.0"
190,12616445,OPENJPA-2298,2.2.0,1.2.2,"2.2.0;2.3.0","2.2.2;2.3.0"
191,12614256,OPENJPA-2289,2.0.1,1.2.2,"2.0.1;2.1.1;2.2.0;2.3.0","2.2.2;2.3.0"
192,12613904,OPENJPA-2288,2.1.1,1.2.2,"2.1.1;2.2.0","2.2.2;2.3.0"
193,12613873,OPENJPA-2287,2.2.0,1.2.2,"2.2.0","2.4.0"
194,12613632,OPENJPA-2286,2.2.0,1.2.2,"2.2.0","2.4.0"
195,12613539,OPENJPA-2284,2.0.1,1.2.2,"2.0.1;2.2.1;2.3.0","2.2.2;2.3.0"
196,12613027,OPENJPA-2282,2.3.0,1.2.2,"2.3.0","2.3.0"
197,12609885,OPENJPA-2271,N/A,1.2.2,"","2.3.0"
198,12609437,OPENJPA-2269,2.2.0,1.2.2,"2.2.0;2.3.0","2.3.0"
199,12609165,OPENJPA-2267,2.2.0,1.2.2,"2.2.0;2.3.0","2.3.0"
200,12606907,OPENJPA-2261,2.1.0,1.2.2,"2.1.0;2.1.1;2.2.0","2.2.1;2.3.0"
201,12606896,OPENJPA-2260,2.1.0,1.2.2,"2.1.0;2.1.1;2.2.0","2.2.1;2.3.0"
202,12605972,OPENJPA-2257,N/A,1.2.2,"","2.2.2;2.3.0"
203,12605631,OPENJPA-2255,2.1.1,1.2.2,"2.1.1","2.3.0"
204,12604028,OPENJPA-2253,2.2.0,1.2.2,"2.2.0;2.3.0","2.3.0"
205,12601384,OPENJPA-2247,2.0.1,1.2.2,"2.0.1;2.2.1;2.3.0","2.2.1;2.3.0"
206,12601211,OPENJPA-2245,2.2.0,1.2.2,"2.2.0;2.3.0","2.3.0;2.4.2"
207,12601129,OPENJPA-2244,2.0.1,1.2.2,"2.0.1;2.1.1;2.2.0","2.2.2;2.3.0"
208,12600145,OPENJPA-2240,2.2.0,1.2.2,"2.2.0;2.2.1;2.3.0","2.2.2;2.3.0"
209,12599852,OPENJPA-2238,2.2.0,1.2.2,"2.2.0;2.3.0","2.3.0"
210,12599542,OPENJPA-2236,2.2.1,1.2.2,"2.2.1;2.3.0","2.2.1;1.2.3;2.3.0"
211,12599487,OPENJPA-2235,2.1.1,1.2.2,"2.1.1;2.2.0;2.3.0","2.2.2;2.3.0"
212,12599438,OPENJPA-2234,2.0.1,1.2.2,"2.0.1","2.3.0"
213,12599130,OPENJPA-2233,2.0.1,1.2.2,"2.0.1;2.1.0;2.2.0;2.3.0","2.2.2;2.4.0"
214,12598746,OPENJPA-2230,2.2.1,1.2.2,"2.2.1;2.3.0","2.2.1;2.3.0"
215,12598564,OPENJPA-2229,2.2.0,1.2.2,"2.2.0;2.2.1;2.3.0","2.3.0"
216,12598245,OPENJPA-2228,2.2.0,1.2.2,"2.2.0;2.3.0","2.3.0"
217,12598075,OPENJPA-2227,2.0.0,1.2.2,"2.0.0;2.1.0;2.2.0","2.2.1;2.3.0"
218,12596262,OPENJPA-2221,2.1.0,1.2.2,"2.1.0","2.1.1;2.3.0"
219,12595074,OPENJPA-2215,2.2.0,1.2.2,"2.2.0",""
220,12560527,OPENJPA-2212,1.0.3,1.2.2,"1.0.3",""
221,12558784,OPENJPA-2204,2.2.1,1.2.2,"2.2.1;2.3.0","2.3.0"
222,12556252,OPENJPA-2199,2.0.0,1.2.2,"2.0.0;2.1.0;2.2.0;2.3.0","2.2.1;2.3.0"
223,12556135,OPENJPA-2197,2.2.0,1.2.2,"2.2.0","2.3.0"
224,12555953,OPENJPA-2196,2.2.0,1.2.2,"2.2.0","2.2.2;2.3.0"
225,12555891,OPENJPA-2195,2.0.0,1.2.2,"2.0.0;2.0.1;2.1.0;2.1.1;2.2.0",""
226,12555011,OPENJPA-2191,2.0.0,1.2.2,"2.0.0;2.1.0;2.2.0;2.3.0","2.3.0"
227,12554482,OPENJPA-2187,2.2.0,1.2.2,"2.2.0","2.3.0"
228,12553160,OPENJPA-2182,2.3.0,1.2.2,"2.3.0","3.2.0"
229,12553120,OPENJPA-2180,2.2.0,1.2.2,"2.2.0","2.3.0"
230,12552847,OPENJPA-2178,2.2.0,1.2.2,"2.2.0","2.3.0"
231,12551298,OPENJPA-2174,2.1.0,1.2.2,"2.1.0;2.2.0","2.2.1;2.3.0"
232,12550858,OPENJPA-2172,2.2.0,1.2.2,"2.2.0;2.2.1;2.3.0","2.2.2;2.3.0"
233,12550430,OPENJPA-2170,2.2.0,1.2.2,"2.2.0;2.3.0","2.3.0"
234,12548387,OPENJPA-2163,2.0.1,1.2.2,"2.0.1;2.2.1;2.3.0","2.2.1;2.3.0"
235,12548006,OPENJPA-2161,2.2.0,1.2.2,"2.2.0;2.3.0","2.2.1;2.3.0"
236,12547441,OPENJPA-2158,2.1.1,1.2.2,"2.1.1;2.2.0;2.3.0","2.2.1;2.3.0"
237,12546817,OPENJPA-2156,2.2.0,1.2.2,"2.2.0;2.3.0","2.2.1;2.3.0"
238,12546055,OPENJPA-2154,2.2.0,1.2.2,"2.2.0;2.3.0","2.2.1;2.3.0"
239,12545916,OPENJPA-2153,2.2.0,1.2.2,"2.2.0;2.3.0","2.2.1;2.3.0"
240,12545137,OPENJPA-2149,2.0.1,1.2.2,"2.0.1;2.1.1","2.2.1;2.3.0"
241,12544327,OPENJPA-2146,2.0.0,1.2.2,"2.0.0;2.0.1;2.1.0;2.1.1;2.2.0;2.2.1","2.2.1;2.3.0"
242,12544299,OPENJPA-2145,2.2.0,1.2.2,"2.2.0;2.2.1;2.3.0","2.2.1;2.3.0"
243,12544008,OPENJPA-2142,2.2.1,1.2.2,"2.2.1;2.3.0","2.2.1;2.3.0"
244,12543759,OPENJPA-2140,2.3.0,1.2.2,"2.3.0","2.3.0"
245,12543556,OPENJPA-2136,2.0.0,1.2.2,"2.0.0;2.1.1;2.2.0;2.3.0","2.2.1;2.3.0"
246,12542708,OPENJPA-2133,2.1.1,1.2.2,"2.1.1","2.2.1;1.2.3;2.3.0"
247,12542594,OPENJPA-2132,2.0.1,1.2.2,"2.0.1;2.1.1;2.2.0","2.2.1;2.3.0"
248,12542592,OPENJPA-2131,2.1.1,1.2.2,"2.1.1","2.3.0"
249,12542018,OPENJPA-2124,2.0.0,1.2.2,"2.0.0;2.0.1;2.1.0;2.3.0","2.2.0"
250,12541862,OPENJPA-2123,2.2.1,1.2.2,"2.2.1;2.3.0","2.2.1;2.3.0"
251,12541722,OPENJPA-2122,2.2.0,1.2.2,"2.2.0","2.2.0"
252,12540917,OPENJPA-2119,2.2.0,1.2.2,"2.2.0","2.2.0"
253,12540446,OPENJPA-2118,2.0.0,1.2.2,"2.0.0;2.1.0;2.2.0","2.2.1;2.3.0"
254,12539944,OPENJPA-2117,2.1.1,1.2.2,"2.1.1;2.2.0;1.2.3","2.2.0;1.2.3"
255,12538772,OPENJPA-2112,2.1.1,1.2.2,"2.1.1",""
256,12538690,OPENJPA-2110,1.2.2,1.2.2,"1.2.2;2.1.1","2.3.0"
257,12538078,OPENJPA-2107,2.0.1,1.2.2,"2.0.1;2.1.0;2.2.0","2.2.0;1.2.3"
258,12537336,OPENJPA-2105,2.2.0,1.2.2,"2.2.0","2.2.0"
259,12537245,OPENJPA-2104,2.2.0,1.2.2,"2.2.0","2.2.0"
260,12536471,OPENJPA-2102,2.0.1,1.2.2,"2.0.1;2.2.0","2.3.0"
261,12536421,OPENJPA-2101,2.1.1,1.2.2,"2.1.1;2.2.0","2.2.0"
262,12536413,OPENJPA-2100,2.2.0,1.2.2,"2.2.0","2.2.0"
263,12535862,OPENJPA-2097,2.1.1,1.2.2,"2.1.1",""
264,12535520,OPENJPA-2095,2.2.0,1.2.2,"2.2.0;1.2.3","2.2.1;1.2.3;2.3.0"
265,12535036,OPENJPA-2094,N/A,1.2.2,"","2.2.0;2.2.1;2.2.2;2.3.0;2.4.0"
266,12534172,OPENJPA-2088,N/A,1.2.2,"",""
267,12533177,OPENJPA-2083,2.1.1,1.2.2,"2.1.1","2.2.0"
268,12532202,OPENJPA-2077,2.2.0,1.2.2,"2.2.0","2.2.0"
269,12531801,OPENJPA-2076,2.2.0,1.2.2,"2.2.0","2.2.0"
270,12531097,OPENJPA-2073,2.2.0,1.2.2,"2.2.0","2.2.0"
271,12530831,OPENJPA-2072,1.2.1,1.2.2,"1.2.1;1.2.2;1.2.3","2.2.1;1.2.3;2.3.0"
272,12530781,OPENJPA-2071,2.2.0,1.2.2,"2.2.0","2.2.0"
273,12530585,OPENJPA-2070,2.2.0,1.2.2,"2.2.0","2.2.0"
274,12530384,OPENJPA-2069,2.2.0,1.2.2,"2.2.0","2.2.0"
275,12529315,OPENJPA-2067,2.2.0,1.2.2,"2.2.0;1.2.3","2.2.1;1.2.3;2.3.0"
276,12528797,OPENJPA-2066,1.1.0,1.2.2,"1.1.0;2.1.1;2.2.0","1.2.0;2.2.0"
277,12528728,OPENJPA-2065,2.1.0,1.2.2,"2.1.0;2.1.1;2.2.0","2.2.0"
278,12527112,OPENJPA-2060,2.2.0,1.2.2,"2.2.0","2.2.0"
279,12527104,OPENJPA-2059,2.2.0,1.2.2,"2.2.0","2.2.0"
280,12525645,OPENJPA-2056,2.0.0,1.2.2,"2.0.0;2.0.1;2.1.1","2.2.0"
281,12525346,OPENJPA-2055,2.1.0,1.2.2,"2.1.0","2.1.1;2.2.0"
282,12525194,OPENJPA-2053,2.0.0,1.2.2,"2.0.0","2.2.0"
283,12523252,OPENJPA-2051,2.0.0,1.2.2,"2.0.0;2.1.1;2.2.0","2.2.0;1.2.3"
284,12521063,OPENJPA-2045,2.1.0,1.2.2,"2.1.0;2.2.0","2.2.0"
285,12520095,OPENJPA-2044,2.0.1,1.2.2,"2.0.1;2.1.1;2.2.0","2.2.0"
286,12518519,OPENJPA-2039,2.1.1,1.2.2,"2.1.1;2.2.0","2.2.0"
287,12518481,OPENJPA-2038,2.1.1,1.2.2,"2.1.1",""
288,12515578,OPENJPA-2036,2.1.0,1.2.2,"2.1.0","2.2.0"
289,12514992,OPENJPA-2034,2.1.0,1.2.2,"2.1.0","2.2.0"
290,12513018,OPENJPA-2027,2.1.0,1.2.2,"2.1.0","2.2.0"
291,12512342,OPENJPA-2025,2.1.0,1.2.2,"2.1.0","2.2.0"
292,12511536,OPENJPA-2022,2.1.0,1.2.2,"2.1.0;2.1.1;2.2.0","2.4.0"
293,12510474,OPENJPA-2018,2.1.0,1.2.2,"2.1.0","2.3.0"
294,12509757,OPENJPA-2015,1.2.2,1.2.2,"1.2.2;1.2.3","1.2.3"
295,12509670,OPENJPA-2013,2.1.0,1.2.2,"2.1.0","2.2.0"
296,12509650,OPENJPA-2011,2.0.1,1.2.2,"2.0.1;2.1.0","2.2.0"
297,12509634,OPENJPA-2010,2.0.1,1.2.2,"2.0.1;2.1.0","2.2.0"
298,12509605,OPENJPA-2009,N/A,1.2.2,"",""
299,12509380,OPENJPA-2008,2.1.0,1.2.2,"2.1.0","2.2.0"
300,12508346,OPENJPA-2007,2.0.0,1.2.2,"2.0.0;2.0.1;2.1.0;2.2.0","2.2.0"
301,12508321,OPENJPA-2006,1.2.2,1.2.2,"1.2.2;2.1.0;2.2.0","2.2.0;1.2.3"
302,12508229,OPENJPA-2005,2.1.0,1.2.2,"2.1.0","2.2.0"
303,12507216,OPENJPA-2000,2.1.0,1.2.2,"2.1.0","2.2.0"
304,12506760,OPENJPA-1996,2.1.0,1.2.2,"2.1.0","2.1.1;2.2.0;1.2.3"
305,12506673,OPENJPA-1995,N/A,1.2.2,"",""
306,12506318,OPENJPA-1994,N/A,1.2.2,"","2.2.0"
307,12506220,OPENJPA-1993,1.0.0,1.2.2,"1.0.0;1.0.1;1.0.2;1.0.3;1.2.0;1.2.1;1.2.2;2.0.0;2.0.1;1.0.4;2.1.0","2.2.0;1.2.3;2.3.0;3.1.0"
308,12506151,OPENJPA-1992,2.1.0,1.2.2,"2.1.0","2.2.0"
309,12505434,OPENJPA-1989,2.1.0,1.2.2,"2.1.0;2.2.0","2.1.1;2.2.0"
310,12505432,OPENJPA-1988,2.2.0,1.2.2,"2.2.0;2.3.0","2.4.0"
311,12505419,OPENJPA-1987,2.2.0,1.2.2,"2.2.0","2.2.0"
312,12505332,OPENJPA-1986,2.0.1,1.2.2,"2.0.1;2.1.0;2.2.0","2.1.1;2.2.0"
313,12505188,OPENJPA-1985,2.1.0,1.2.2,"2.1.0","2.1.1;2.2.0"
314,12505086,OPENJPA-1984,2.1.0,1.2.2,"2.1.0;2.1.1;2.2.0","2.2.0"
315,12504706,OPENJPA-1983,2.1.0,1.2.2,"2.1.0;2.2.0","2.2.0"
316,12504273,OPENJPA-1981,2.1.0,1.2.2,"2.1.0","2.2.0"
317,12504246,OPENJPA-1980,2.1.0,1.2.2,"2.1.0","2.2.0"
318,12504099,OPENJPA-1979,2.0.0-M1,1.2.2,"2.0.0-M1;2.0.0","2.3.0"
319,12503677,OPENJPA-1975,2.0.1,1.2.2,"2.0.1;2.1.0","2.2.0"
320,12503268,OPENJPA-1974,2.1.0,1.2.2,"2.1.0;2.2.0","2.2.0"
321,12503044,OPENJPA-1970,1.1.0,1.2.2,"1.1.0","1.2.0"
322,12502905,OPENJPA-1969,2.1.0,1.2.2,"2.1.0;2.1.1;2.2.0","2.1.1;2.2.0"
323,12502735,OPENJPA-1968,2.1.0,1.2.2,"2.1.0;2.1.1;2.2.0","2.1.1;2.2.0"
324,12502386,OPENJPA-1965,2.0.0,1.2.2,"2.0.0;2.1.0;2.2.0","2.1.1;2.2.0"
325,12501521,OPENJPA-1960,2.1.0,1.2.2,"2.1.0;2.2.0","2.2.0"
326,12501261,OPENJPA-1959,1.2.2,1.2.2,"1.2.2;2.0.1;2.1.0;2.2.0","2.1.1;2.2.0"
327,12501250,OPENJPA-1958,1.2.2,1.2.2,"1.2.2;2.0.1;2.1.0;2.2.0","2.1.1;2.2.0"
328,12500828,OPENJPA-1957,1.2.2,1.2.2,"1.2.2;2.0.1;2.1.0","2.1.1;2.2.0;1.2.3"
329,12500194,OPENJPA-1954,1.2.2,1.2.2,"1.2.2;2.0.0;2.1.0;2.2.0","2.2.0"
330,12499589,OPENJPA-1951,2.0.1,1.2.2,"2.0.1","2.1.0;2.2.0"
331,12499043,OPENJPA-1944,1.2.2,1.2.2,"1.2.2;2.1.0","2.1.1;2.2.0"
332,12498950,OPENJPA-1943,2.0.1,1.2.2,"2.0.1;2.1.0;2.2.0","2.1.1;2.2.0"
333,12498801,OPENJPA-1940,2.1.0,1.2.2,"2.1.0","2.1.1;2.2.0"
334,12498581,OPENJPA-1939,1.2.2,1.2.2,"1.2.2;2.0.1;2.1.0","2.1.1;2.2.0"
335,12498188,OPENJPA-1938,2.1.0,1.2.2,"2.1.0;2.2.0","2.1.0;2.2.0"
336,12497418,OPENJPA-1935,2.1.0,1.2.2,"2.1.0;2.2.0","2.1.0;2.2.0"
337,12497153,OPENJPA-1932,2.1.0,1.2.2,"2.1.0","2.2.0"
338,12496199,OPENJPA-1928,1.2.1,1.2.2,"1.2.1;2.0.1","2.2.0"
339,12495627,OPENJPA-1923,N/A,1.2.2,"","2.1.0;2.2.0"
340,12494845,OPENJPA-1918,2.0.1,1.2.2,"2.0.1;2.1.0;2.2.0","2.1.0;2.2.0"
341,12494606,OPENJPA-1915,2.2.0,1.2.2,"2.2.0","2.2.0"
342,12494520,OPENJPA-1912,2.0.0,1.2.2,"2.0.0;2.0.1;2.1.0","2.2.0"
343,12494510,OPENJPA-1911,1.2.2,1.2.2,"1.2.2;2.0.1;1.0.4;2.1.0;2.2.0","2.1.0;2.2.0;1.2.3"
344,12494449,OPENJPA-1910,2.0.1,1.2.2,"2.0.1;2.1.0;2.2.0","2.1.0;2.2.0"
345,12494363,OPENJPA-1909,2.0.0,1.2.2,"2.0.0;2.0.1;2.1.0","2.1.0;2.2.0"
346,12493125,OPENJPA-1906,2.2.0,1.2.2,"2.2.0","2.1.0;2.2.0"
347,12492980,OPENJPA-1905,1.2.0,1.2.2,"1.2.0;1.2.1;1.2.2;2.0.0;2.0.1","2.1.0;2.2.0;1.2.3"
348,12492771,OPENJPA-1904,2.1.0,1.2.2,"2.1.0;2.2.0","2.1.0;2.2.0"
349,12492529,OPENJPA-1903,2.0.1,1.2.2,"2.0.1","2.2.0"
350,12491683,OPENJPA-1902,N/A,1.2.2,"","2.1.0;2.2.0"
351,12491654,OPENJPA-1901,2.0.0,1.2.2,"2.0.0;2.0.1","2.2.0;2.3.0"
352,12491624,OPENJPA-1900,2.0.1,1.2.2,"2.0.1;2.1.0;2.2.0","2.1.0;2.2.0"
353,12491561,OPENJPA-1899,2.0.0,1.2.2,"2.0.0","2.1.1"
354,12491555,OPENJPA-1898,2.0.1,1.2.2,"2.0.1","2.1.0;2.2.0"
355,12480699,OPENJPA-1897,2.0.1,1.2.2,"2.0.1","2.1.0"
356,12480685,OPENJPA-1896,2.0.1,1.2.2,"2.0.1;2.1.0;2.2.0","2.1.0;2.2.0"
357,12480601,OPENJPA-1894,2.1.0,1.2.2,"2.1.0","2.1.0"
358,12480591,OPENJPA-1893,2.0.1,1.2.2,"2.0.1","2.1.0"
359,12480408,OPENJPA-1892,2.0.0,1.2.2,"2.0.0;2.1.0","2.1.0"
360,12480255,OPENJPA-1890,2.0.1,1.2.2,"2.0.1","2.1.0"
361,12479974,OPENJPA-1886,2.1.0,1.2.2,"2.1.0","2.1.0"
362,12479818,OPENJPA-1884,2.1.0,1.2.2,"2.1.0","2.1.1"
363,12479608,OPENJPA-1882,2.1.0,1.2.2,"2.1.0","2.1.0"
364,12479591,OPENJPA-1881,2.1.0,1.2.2,"2.1.0","2.1.0"
365,12479394,OPENJPA-1877,2.0.1,1.2.2,"2.0.1","2.1.0"
366,12479325,OPENJPA-1876,2.1.0,1.2.2,"2.1.0","2.2.0"
367,12479205,OPENJPA-1874,1.2.2,1.2.2,"1.2.2;2.0.0;2.0.1","2.1.0;1.2.3"
368,12479138,OPENJPA-1873,2.0.0,1.2.2,"2.0.0;2.0.1","2.2.0"
369,12479005,OPENJPA-1870,N/A,1.2.2,"","2.1.0"
370,12478886,OPENJPA-1867,2.1.0,1.2.2,"2.1.0","2.1.0"
371,12478835,OPENJPA-1866,2.0.1,1.2.2,"2.0.1;2.1.0","2.1.0"
372,12478474,OPENJPA-1857,2.1.0,1.2.2,"2.1.0","2.1.0"
373,12478387,OPENJPA-1856,2.0.0,1.2.2,"2.0.0;2.1.0;2.2.0","2.1.0;2.2.0"
374,12478171,OPENJPA-1853,2.0.0,1.2.2,"2.0.0;2.0.1","2.1.0"
375,12477846,OPENJPA-1845,2.0.1,1.2.2,"2.0.1","2.1.1;2.2.0"
376,12477643,OPENJPA-1840,2.1.0,1.2.2,"2.1.0","2.1.0"
377,12477545,OPENJPA-1838,2.1.0,1.2.2,"2.1.0","2.1.0"
378,12477514,OPENJPA-1837,2.0.1,1.2.2,"2.0.1","2.0.1"
379,12477478,OPENJPA-1835,2.1.0,1.2.2,"2.1.0","2.1.0"
380,12477366,OPENJPA-1832,2.1.0,1.2.2,"2.1.0","2.1.0"
381,12477175,OPENJPA-1831,2.0.0,1.2.2,"2.0.0","2.1.0"
382,12477048,OPENJPA-1830,2.0.0,1.2.2,"2.0.0","2.1.0"
383,12476792,OPENJPA-1828,2.1.0,1.2.2,"2.1.0","2.1.0"
384,12475495,OPENJPA-1819,2.0.1,1.2.2,"2.0.1","2.1.0;2.3.0"
385,12475398,OPENJPA-1818,2.0.0,1.2.2,"2.0.0","2.1.0"
386,12475061,OPENJPA-1814,1.2.2,1.2.2,"1.2.2;2.1.0","2.1.0;1.2.3"
387,12474858,OPENJPA-1811,2.0.0,1.2.2,"2.0.0","2.1.0"
388,12474721,OPENJPA-1810,2.0.1,1.2.2,"2.0.1;2.1.0","2.1.0"
389,12474715,OPENJPA-1809,2.0.0,1.2.2,"2.0.0;2.0.1;2.1.0","2.1.0"
390,12474682,OPENJPA-1808,2.0.1,1.2.2,"2.0.1",""
391,12474490,OPENJPA-1804,2.0.1,1.2.2,"2.0.1","2.1.0"
392,12474323,OPENJPA-1801,2.0.1,1.2.2,"2.0.1;2.1.0","2.1.0"
393,12474312,OPENJPA-1800,2.0.0,1.2.2,"2.0.0","2.1.0"
394,12474154,OPENJPA-1794,2.0.0,1.2.2,"2.0.0","2.3.0"
395,12474032,OPENJPA-1793,2.1.0,1.2.2,"2.1.0","2.1.0"
396,12473961,OPENJPA-1790,2.0.1,1.2.2,"2.0.1","2.1.0"
397,12473829,OPENJPA-1788,2.0.0,1.2.2,"2.0.0;2.0.1","2.1.0"
398,12473823,OPENJPA-1787,2.0.1,1.2.2,"2.0.1;2.1.0;2.2.0","2.1.1;2.2.0"
399,12473570,OPENJPA-1784,2.0.1,1.2.2,"2.0.1","2.1.0"
400,12472005,OPENJPA-1770,2.0.0,1.0.3,"2.0.0;2.1.0","2.1.0"
401,12471945,OPENJPA-1769,2.0.0,1.0.3,"2.0.0;2.1.0","2.1.0"
402,12471582,OPENJPA-1768,2.0.0,1.0.3,"2.0.0;2.1.0","2.2.0"
403,12471448,OPENJPA-1765,2.0.0,1.0.3,"2.0.0;2.1.0","2.1.0"
404,12471141,OPENJPA-1762,2.0.1,1.0.3,"2.0.1;2.1.0",""
405,12470664,OPENJPA-1757,2.0.0,1.0.3,"2.0.0;2.1.0","2.1.0"
406,12470597,OPENJPA-1756,N/A,1.0.3,"",""
407,12470528,OPENJPA-1753,2.1.0,1.0.3,"2.1.0","2.0.1;2.1.0"
408,12470490,OPENJPA-1752,2.0.1,1.0.3,"2.0.1;2.1.0","2.1.0"
409,12470453,OPENJPA-1751,2.1.0,1.0.3,"2.1.0","2.1.0"
410,12470345,OPENJPA-1749,2.0.0,1.0.3,"2.0.0","2.0.1;2.1.0"
411,12470042,OPENJPA-1746,1.2.2,1.0.3,"1.2.2","2.2.0"
412,12469879,OPENJPA-1743,1.2.2,1.0.3,"1.2.2;2.0.0;2.1.0","2.1.0"
413,12469865,OPENJPA-1742,2.0.0,1.0.3,"2.0.0","2.0.1;2.1.0"
414,12469858,OPENJPA-1740,2.1.0,1.0.3,"2.1.0","2.1.0"
415,12469847,OPENJPA-1738,2.0.0,1.0.3,"2.0.0;2.0.1;2.1.0","2.1.0"
416,12469812,OPENJPA-1737,2.0.0,1.0.3,"2.0.0","2.0.1;2.1.0"
417,12469803,OPENJPA-1736,2.0.0,1.0.3,"2.0.0","2.1.0"
418,12469473,OPENJPA-1727,2.0.0,1.0.3,"2.0.0;2.1.0","2.1.0"
419,12469301,OPENJPA-1726,2.1.0,1.0.3,"2.1.0","2.1.0"
420,12469241,OPENJPA-1725,1.2.2,1.0.3,"1.2.2;2.0.0;2.1.0","2.1.1;2.2.0"
421,12469087,OPENJPA-1722,2.0.0,1.0.3,"2.0.0","2.0.1;2.1.0"
422,12468724,OPENJPA-1719,2.0.0,1.0.3,"2.0.0","2.0.1;2.1.0"
423,12468723,OPENJPA-1718,2.0.0,1.0.3,"2.0.0",""
424,12468294,OPENJPA-1714,2.0.0,1.0.3,"2.0.0","2.0.1"
425,12468262,OPENJPA-1713,1.1.0,1.0.3,"1.1.0;1.2.2;2.0.0","2.0.1;2.1.0"
426,12468078,OPENJPA-1710,2.0.0,1.0.3,"2.0.0","2.1.0"
427,12467493,OPENJPA-1704,1.2.2,1.0.3,"1.2.2;2.0.0;2.1.0","2.0.1;2.1.0;1.2.3"
428,12467292,OPENJPA-1702,1.2.0,1.0.3,"1.2.0;2.0.0","2.1.0"
429,12467032,OPENJPA-1701,2.1.0,1.0.3,"2.1.0","2.1.0"
430,12466817,OPENJPA-1697,2.1.0,1.0.3,"2.1.0","2.1.0"
431,12466801,OPENJPA-1696,2.0.0,1.0.3,"2.0.0","2.1.0"
432,12466780,OPENJPA-1695,1.1.0,1.0.3,"1.1.0;2.0.0;2.1.0","1.2.0;2.1.0"
433,12466693,OPENJPA-1692,2.0.0,1.0.3,"2.0.0;2.1.0","2.1.0"
434,12466672,OPENJPA-1691,1.2.2,1.0.3,"1.2.2;2.0.0;2.0.1","2.1.0;1.2.3"
435,12466570,OPENJPA-1690,2.0.0,1.0.3,"2.0.0","2.0.1;2.1.0"
436,12466563,OPENJPA-1689,2.0.0,1.0.3,"2.0.0","2.1.0"
437,12466413,OPENJPA-1686,N/A,1.0.3,"","2.2.0"
438,12466359,OPENJPA-1685,2.0.0,1.0.3,"2.0.0","2.1.0"
439,12466260,OPENJPA-1683,N/A,1.0.3,"","2.1.0"
440,12466193,OPENJPA-1682,2.1.0,1.0.3,"2.1.0","2.1.0;1.2.3"
441,12465997,OPENJPA-1679,2.0.0,1.0.3,"2.0.0","2.0.1"
442,12465979,OPENJPA-1678,1.1.0,1.0.3,"1.1.0;1.0.3;1.2.2;2.0.0;2.1.0","2.0.1;1.0.4;2.1.0;1.2.3"
443,12465795,OPENJPA-1676,2.0.0,1.0.3,"2.0.0;2.1.0","2.1.0"
444,12464903,OPENJPA-1670,1.2.2,1.0.3,"1.2.2;2.0.0","2.1.0"
445,12464706,OPENJPA-1668,1.0.3,1.0.3,"1.0.3;1.2.2;2.0.0","2.0.1;2.1.0;1.2.3"
446,12464618,OPENJPA-1667,2.0.0,1.0.3,"2.0.0","2.1.0"
447,12464360,OPENJPA-1665,2.0.0,1.0.3,"2.0.0","2.1.0;1.2.3"
448,12464287,OPENJPA-1662,N/A,1.0.3,"","2.1.0"
449,12464147,OPENJPA-1657,N/A,1.0.3,"","2.1.1;2.2.0"
450,12463784,OPENJPA-1651,N/A,1.0.3,"","2.2.0"
451,12463708,OPENJPA-1650,N/A,1.0.3,"","2.2.0"
452,12463706,OPENJPA-1648,N/A,1.0.3,"","2.1.0"
453,12463567,OPENJPA-1646,1.2.2,1.0.3,"1.2.2;2.0.0","2.1.0"
454,12463425,OPENJPA-1644,1.2.2,1.0.3,"1.2.2;2.0.0","2.1.0;1.2.3"
455,12463123,OPENJPA-1641,N/A,1.0.3,"","2.0.1;2.1.0;1.2.3"
456,12462443,OPENJPA-1634,2.0.0,1.0.3,"2.0.0;2.1.0","2.1.0"
457,12461982,OPENJPA-1631,1.2.2,1.0.3,"1.2.2;2.0.0-beta3","2.0.0"
458,12461981,OPENJPA-1630,1.2.2,1.0.3,"1.2.2;2.0.0-beta3;2.0.0;2.0.1;2.1.0","2.0.0"
459,12461804,OPENJPA-1627,2.0.0-beta3,1.0.3,"2.0.0-beta3","2.1.0"
460,12461787,OPENJPA-1626,1.1.0,1.0.3,"1.1.0","2.1.0"
461,12461714,OPENJPA-1625,2.0.0,1.0.3,"2.0.0","2.0.0"
462,12461547,OPENJPA-1618,2.0.0-beta3,1.0.3,"2.0.0-beta3","2.0.0"
463,12461329,OPENJPA-1613,2.0.0-beta2,1.0.3,"2.0.0-beta2;2.0.0-beta3","2.1.0"
464,12461098,OPENJPA-1611,2.0.0,1.0.3,"2.0.0","2.0.0"
465,12460975,OPENJPA-1609,2.0.0,1.0.3,"2.0.0","2.0.0;2.1.0"
466,12460960,OPENJPA-1608,2.0.0,1.0.3,"2.0.0","2.0.0"
467,12460829,OPENJPA-1605,2.0.0-beta3,1.0.3,"2.0.0-beta3","2.0.0"
468,12460738,OPENJPA-1604,2.0.0,1.0.3,"2.0.0","2.0.0"
469,12460578,OPENJPA-1602,2.0.0,1.0.3,"2.0.0","2.0.0"
470,12460186,OPENJPA-1599,2.0.0-beta2,1.0.3,"2.0.0-beta2;2.0.0-beta3;2.0.0","2.0.0"
471,12460114,OPENJPA-1597,2.0.0-beta3,1.0.3,"2.0.0-beta3","2.0.0"
472,12460029,OPENJPA-1596,2.0.0-beta2,1.0.3,"2.0.0-beta2","2.0.0-beta3"
473,12459850,OPENJPA-1590,2.0.0-M3,1.0.3,"2.0.0-M3;2.1.1;2.2.0","2.4.0"
474,12459770,OPENJPA-1588,2.0.0,1.0.3,"2.0.0","2.0.0-beta3"
475,12459550,OPENJPA-1584,2.0.0,1.0.3,"2.0.0","2.1.0"
476,12459537,OPENJPA-1583,N/A,1.0.3,"","2.0.0-beta3;1.2.3"
477,12459524,OPENJPA-1581,N/A,1.0.3,"","2.0.0-beta3"
478,12459395,OPENJPA-1580,2.0.0-beta2,1.0.3,"2.0.0-beta2","2.0.0-beta3"
479,12459264,OPENJPA-1578,2.0.0-beta2,1.0.3,"2.0.0-beta2","2.0.0-beta3"
480,12459253,OPENJPA-1577,2.0.0-beta2,1.0.3,"2.0.0-beta2","2.0.0-beta3"
481,12459251,OPENJPA-1576,2.0.0,1.0.3,"2.0.0","2.0.0-beta3"
482,12459182,OPENJPA-1575,2.0.0-beta2,1.0.3,"2.0.0-beta2","2.0.0-beta3"
483,12459149,OPENJPA-1573,2.0.0-beta2,1.0.3,"2.0.0-beta2","2.0.0-beta3"
484,12459108,OPENJPA-1571,2.0.0-beta2,1.0.3,"2.0.0-beta2","2.0.0-beta3"
485,12459020,OPENJPA-1570,2.0.0-beta2,1.0.3,"2.0.0-beta2","2.0.0-beta3"
486,12459006,OPENJPA-1569,1.2.2,1.0.3,"1.2.2;2.0.0-beta2","2.0.0;1.2.3"
487,12458969,OPENJPA-1568,2.0.0,1.0.3,"2.0.0","2.0.0-beta3"
488,12458864,OPENJPA-1565,2.0.0-M1,1.0.3,"2.0.0-M1;2.0.0-M2;2.0.0-M3;2.0.0-beta;2.0.0-beta2","2.0.0-beta3"
489,12458836,OPENJPA-1562,2.0.0-beta2,1.0.3,"2.0.0-beta2","2.0.0-beta3"
490,12458596,OPENJPA-1559,2.0.0,1.0.3,"2.0.0","2.0.0"
491,12458577,OPENJPA-1558,2.0.0,1.0.3,"2.0.0;1.2.3","2.0.0-beta3"
492,12458565,OPENJPA-1556,2.0.0-beta2,1.0.3,"2.0.0-beta2","2.0.0-beta3"
493,12458202,OPENJPA-1550,1.2.2,1.0.3,"1.2.2;2.0.0-beta2","2.0.0;2.1.0;1.2.3"
494,12457889,OPENJPA-1547,1.2.2,1.0.3,"1.2.2;2.0.0-beta2;2.0.0","2.0.0-beta3"
495,12457858,OPENJPA-1546,2.0.0-beta2,1.0.3,"2.0.0-beta2","2.0.0-beta3"
496,12457751,OPENJPA-1544,2.0.0-beta2,1.0.3,"2.0.0-beta2","2.0.0-beta3"
497,12457492,OPENJPA-1543,2.0.0-beta2,1.0.3,"2.0.0-beta2","2.0.0-beta3"
498,12457487,OPENJPA-1542,2.0.0-beta,1.0.3,"2.0.0-beta","2.0.0-beta3"
499,12457460,OPENJPA-1538,2.0.0-beta2,1.0.3,"2.0.0-beta2","2.0.0-beta3"
500,12457359,OPENJPA-1536,2.0.0-beta,1.0.3,"2.0.0-beta;2.0.0-beta2","2.0.0-beta3"
501,12457344,OPENJPA-1535,1.1.0,1.0.3,"1.1.0;1.0.3;1.2.2;2.0.0-beta","2.0.0-beta3"
502,12457255,OPENJPA-1533,2.0.0-beta,1.0.3,"2.0.0-beta","2.0.0-beta2"
503,12457126,OPENJPA-1527,2.1.0,1.0.3,"2.1.0","2.0.0-beta"
504,12456798,OPENJPA-1524,2.0.0-beta,1.0.3,"2.0.0-beta","2.0.0-beta3"
505,12456593,OPENJPA-1518,2.0.0-beta,1.0.3,"2.0.0-beta","2.0.0-beta2"
506,12456460,OPENJPA-1515,2.0.0-beta,1.0.3,"2.0.0-beta","2.0.0-beta"
507,12456225,OPENJPA-1510,2.0.0-beta,1.0.3,"2.0.0-beta","2.0.0"
508,12456207,OPENJPA-1509,2.0.0-M3,1.0.3,"2.0.0-M3;2.0.0-beta","2.0.0-beta2"
509,12456100,OPENJPA-1507,2.0.0-beta,1.0.3,"2.0.0-beta","2.0.0-beta2"
510,12456026,OPENJPA-1506,2.0.0-beta2,1.0.3,"2.0.0-beta2","2.0.0-beta3"
511,12455923,OPENJPA-1504,2.0.0-beta,1.0.3,"2.0.0-beta","2.0.0-beta2"
512,12455804,OPENJPA-1503,N/A,1.0.3,"","2.0.0-beta3"
513,12455695,OPENJPA-1501,1.2.2,1.0.3,"1.2.2;2.0.0","2.1.0"
514,12455690,OPENJPA-1500,1.0.3,1.0.3,"1.0.3;1.2.2","2.0.0-beta3;1.2.3"
515,12455387,OPENJPA-1496,2.0.0-beta,1.0.3,"2.0.0-beta","2.0.0-beta2"
516,12455320,OPENJPA-1495,N/A,1.0.3,"",""
517,12455142,OPENJPA-1494,2.0.0-beta,1.0.3,"2.0.0-beta","2.0.0-beta2"
518,12454958,OPENJPA-1491,2.0.0-beta,1.0.3,"2.0.0-beta","2.0.0-beta3"
519,12446928,OPENJPA-1486,2.0.0-beta,1.0.3,"2.0.0-beta;2.0.0-beta2","2.0.0-beta3"
520,12446828,OPENJPA-1485,2.0.0-beta,1.0.3,"2.0.0-beta","2.0.0-beta2"
521,12446713,OPENJPA-1483,2.0.0-beta,1.0.3,"2.0.0-beta","2.0.0-beta2;1.2.3"
522,12446709,OPENJPA-1482,2.0.0-M3,1.0.3,"2.0.0-M3;1.2.2;2.0.0-beta","2.0.0-beta3;1.2.3"
523,12446308,OPENJPA-1478,2.0.0-M3,1.0.3,"2.0.0-M3","2.0.0-beta"
524,12446255,OPENJPA-1477,N/A,1.0.3,"","2.0.0-beta3"
525,12445849,OPENJPA-1467,2.0.0-M1,1.0.3,"2.0.0-M1;2.0.0-M2;2.0.0-M3","2.0.0-beta"
526,12445657,OPENJPA-1464,N/A,1.0.3,"","2.0.0-beta"
527,12445648,OPENJPA-1463,N/A,1.0.3,"","2.0.0-beta"
528,12445588,OPENJPA-1461,2.0.0-M3,1.0.3,"2.0.0-M3","2.0.0-beta"
529,12445570,OPENJPA-1460,2.0.0-M3,1.0.3,"2.0.0-M3;2.0.0-beta","2.0.0-beta2"
530,12445430,OPENJPA-1458,2.0.0-M3,1.0.3,"2.0.0-M3","2.0.0-beta3"
531,12445426,OPENJPA-1457,1.2.2,1.0.3,"1.2.2;1.0.4","1.2.2;1.0.4"
532,12444936,OPENJPA-1455,2.0.0,1.0.3,"2.0.0","2.0.0-beta3"
533,12444812,OPENJPA-1454,2.0.0-M3,1.0.3,"2.0.0-M3","2.1.0"
534,12444508,OPENJPA-1452,2.0.0-M3,1.0.3,"2.0.0-M3","2.0.0-beta"
535,12444086,OPENJPA-1445,2.0.0-beta,1.0.3,"2.0.0-beta","2.0.0-beta"
536,12444071,OPENJPA-1444,2.0.0-beta,1.0.3,"2.0.0-beta","2.0.0-beta"
537,12444057,OPENJPA-1442,2.0.0-M3,1.0.3,"2.0.0-M3","2.0.0-beta"
538,12443939,OPENJPA-1441,1.2.2,1.0.3,"1.2.2;2.0.0-beta","1.2.2;2.0.0-beta"
539,12443865,OPENJPA-1439,2.0.0,1.0.3,"2.0.0","2.0.0-beta"
540,12443825,OPENJPA-1438,2.0.0,1.0.3,"2.0.0","2.0.0-beta3"
541,12443551,OPENJPA-1435,2.0.0-M3,1.0.3,"2.0.0-M3","2.0.0-beta"
542,12443492,OPENJPA-1432,2.0.0-M3,1.0.3,"2.0.0-M3","2.0.0-beta"
543,12443432,OPENJPA-1431,2.0.0-M3,1.0.3,"2.0.0-M3","2.0.0-beta"
544,12443051,OPENJPA-1425,N/A,1.0.3,"","2.0.0-beta"
545,12443011,OPENJPA-1424,1.2.1,1.0.3,"1.2.1","2.0.1;2.1.0;1.2.3"
546,12442758,OPENJPA-1421,1.2.2,1.0.3,"1.2.2","1.2.2"
547,12442739,OPENJPA-1419,2.0.0-beta,1.0.3,"2.0.0-beta","2.0.0-beta"
548,12442403,OPENJPA-1413,2.0.0-M3,1.0.3,"2.0.0-M3","2.0.0-beta"
549,12442243,OPENJPA-1410,2.0.0-M3,1.0.3,"2.0.0-M3;2.0.0-beta;2.0.0-beta2","2.0.0-beta3"
550,12442150,OPENJPA-1409,N/A,1.0.3,"","2.0.0-beta"
551,12442119,OPENJPA-1407,1.1.0,1.0.3,"1.1.0","1.2.0"
552,12442107,OPENJPA-1406,2.0.0,1.0.3,"2.0.0","2.0.0-beta3"
553,12441721,OPENJPA-1401,2.0.0-M3,1.0.3,"2.0.0-M3","2.0.0-beta"
554,12441523,OPENJPA-1400,1.2.1,1.0.3,"1.2.1;2.0.0-M3","1.2.2;2.0.0-beta"
555,12441180,OPENJPA-1397,1.2.1,1.0.3,"1.2.1;2.0.0-M3","1.2.2;2.0.0-beta"
556,12441146,OPENJPA-1396,2.0.0-M3,1.0.3,"2.0.0-M3","2.0.0-beta"
557,12441056,OPENJPA-1394,2.0.0-M3,1.0.3,"2.0.0-M3","2.0.0-beta"
558,12440994,OPENJPA-1393,2.0.0-M3,1.0.3,"2.0.0-M3","2.0.0-beta"
559,12440993,OPENJPA-1392,2.0.0-M3,1.0.3,"2.0.0-M3","2.0.0-beta"
560,12440971,OPENJPA-1391,2.0.0-M3,1.0.3,"2.0.0-M3","2.0.0-beta"
561,12440961,OPENJPA-1390,2.0.0-M3,1.0.3,"2.0.0-M3","2.0.0-beta"
562,12440838,OPENJPA-1388,N/A,1.0.3,"","2.0.0-beta"
563,12440619,OPENJPA-1387,2.0.0-M3,1.0.3,"2.0.0-M3;1.2.3","2.0.0-beta;1.2.3"
564,12440584,OPENJPA-1386,2.0.0-M3,1.0.3,"2.0.0-M3","2.0.0-beta"
565,12440555,OPENJPA-1385,2.0.0-M3,1.0.3,"2.0.0-M3","2.0.0-beta"
566,12440529,OPENJPA-1384,1.2.1,1.0.3,"1.2.1","1.2.2;2.0.0-beta"
567,12440500,OPENJPA-1383,2.0.0-M2,1.0.3,"2.0.0-M2","2.0.0-beta"
568,12440421,OPENJPA-1381,2.0.0,1.0.3,"2.0.0","2.0.0-beta"
569,12440367,OPENJPA-1380,1.2.1,1.0.3,"1.2.1","2.0.0-beta"
570,12440211,OPENJPA-1379,2.0.0-M3,1.0.3,"2.0.0-M3","2.0.0-beta"
571,12440071,OPENJPA-1377,2.0.0-M3,1.0.3,"2.0.0-M3","2.0.0-beta"
572,12439900,OPENJPA-1376,1.2.1,1.0.3,"1.2.1;2.0.0-M3;2.1.0","2.2.0;1.2.3"
573,12439892,OPENJPA-1375,2.0.0-M3,1.0.3,"2.0.0-M3","2.0.0-beta"
574,12439611,OPENJPA-1372,1.2.1,1.0.3,"1.2.1;2.0.0-M3","2.1.0"
575,12439580,OPENJPA-1371,2.0.0-M3,1.0.3,"2.0.0-M3","2.0.0-M3"
576,12439572,OPENJPA-1370,2.0.0-M3,1.0.3,"2.0.0-M3","2.0.0-beta"
577,12439523,OPENJPA-1367,2.0.0-M1,1.0.3,"2.0.0-M1;1.2.1;2.0.0-M2;2.0.0-M3;2.0.0-beta","2.0.0-beta2"
578,12438938,OPENJPA-1360,1.2.2,1.0.3,"1.2.2","2.0.0-beta3"
579,12438580,OPENJPA-1355,2.0.0-beta,1.0.3,"2.0.0-beta","2.0.0-beta"
580,12438475,OPENJPA-1354,N/A,1.0.3,"","2.0.0-beta"
581,12438171,OPENJPA-1352,2.0.0-M3,1.0.3,"2.0.0-M3","2.0.0-beta"
582,12438142,OPENJPA-1351,2.0.0-M3,1.0.3,"2.0.0-M3","2.0.0-beta"
583,12438100,OPENJPA-1350,1.0.3,1.0.3,"1.0.3;1.2.1;2.0.0-M3","2.0.0-beta;1.2.3"
584,12438038,OPENJPA-1349,2.0.0-beta,1.0.3,"2.0.0-beta","2.0.0-beta"
585,12437821,OPENJPA-1344,2.0.0-M2,1.0.3,"2.0.0-M2;2.0.0-M3","2.0.0-beta"
586,12437810,OPENJPA-1343,2.0.0,1.0.3,"2.0.0","2.2.0"
587,12437651,OPENJPA-1341,2.0.0,1.0.3,"2.0.0","2.0.0-beta"
588,12437409,OPENJPA-1338,2.0.0,1.0.3,"2.0.0","2.0.0-M3"
589,12437130,OPENJPA-1335,2.0.0-M2,1.0.3,"2.0.0-M2","2.0.0-M3"
590,12437036,OPENJPA-1333,2.0.0-M3,1.0.3,"2.0.0-M3","2.0.0-M3"
591,12436629,OPENJPA-1328,1.2.0,1.0.3,"1.2.0;1.2.1","1.2.2;2.0.0-beta;1.0.4"
592,12436426,OPENJPA-1326,1.2.1,1.0.3,"1.2.1","1.2.2;2.0.0-beta"
593,12436419,OPENJPA-1325,2.0.0-M3,1.0.3,"2.0.0-M3","2.0.0-M3"
594,12436236,OPENJPA-1321,1.2.1,1.0.3,"1.2.1","2.0.0-beta"
595,12436067,OPENJPA-1308,1.0.3,1.0.3,"1.0.3;1.2.1;2.0.0-M2;2.0.0-M3","1.2.2;2.0.0-beta;1.0.4"
596,12435837,OPENJPA-1303,2.0.0,1.0.3,"2.0.0","3.2.0"
597,12435743,OPENJPA-1302,1.1.0,1.0.3,"1.1.0;1.0.3;1.2.1;2.0.0-M2","2.0.0-M3"
598,12435487,OPENJPA-1295,1.1.0,1.0.3,"1.1.0;1.0.3;1.2.1;2.0.0-M2","2.0.0-M3"
599,12435480,OPENJPA-1294,2.0.0-M3,1.0.3,"2.0.0-M3","2.0.0-beta"
600,12435457,OPENJPA-1293,2.0.0-M3,1.0.3,"2.0.0-M3","2.0.0-beta"
601,12435247,OPENJPA-1289,2.0.0-M3,1.0.3,"2.0.0-M3;1.2.2","2.0.0-beta;1.2.3"
602,12434783,OPENJPA-1286,2.0.0-M2,1.0.3,"2.0.0-M2","2.0.0-M3"
603,12434676,OPENJPA-1284,1.1.0,1.0.3,"1.1.0;1.0.3;1.2.1;2.0.0-M3","2.0.0-M3"
604,12434675,OPENJPA-1283,2.0.0-M2,1.0.3,"2.0.0-M2","2.0.0-M3"
605,12434574,OPENJPA-1281,2.0.0-M2,1.0.3,"2.0.0-M2","2.0.0-M3"
606,12434547,OPENJPA-1279,2.0.0-M2,1.0.3,"2.0.0-M2","2.0.0-M3"
607,12434240,OPENJPA-1269,2.0.0-M2,1.0.3,"2.0.0-M2","2.0.0-M3"
608,12433905,OPENJPA-1263,1.1.0,1.0.3,"1.1.0;1.2.0;1.2.1","2.0.0-beta"
609,12433797,OPENJPA-1260,2.0.0,1.0.3,"2.0.0","1.2.0;2.0.0-M3"
610,12433510,OPENJPA-1256,2.0.0-M2,1.0.3,"2.0.0-M2","2.0.0-M3"
611,12433473,OPENJPA-1253,2.0.0-M1,1.0.3,"2.0.0-M1;2.0.0-M2;2.0.0-M3","2.0.0-M3"
612,12433250,OPENJPA-1250,2.0.0-M2,1.0.3,"2.0.0-M2","2.0.0-M3"
613,12433149,OPENJPA-1248,1.1.0,1.0.3,"1.1.0;1.2.0;1.2.1;1.2.2","2.0.0-beta3"
614,12432995,OPENJPA-1244,1.0.3,1.0.3,"1.0.3","1.0.4"
615,12432986,OPENJPA-1243,1.0.4,1.0.3,"1.0.4","1.0.4"
616,12432914,OPENJPA-1242,2.0.0-M2,1.0.3,"2.0.0-M2","2.0.0-M3"
617,12432817,OPENJPA-1239,2.0.0-M3,1.0.3,"2.0.0-M3","2.0.0-M3"
618,12432636,OPENJPA-1234,N/A,1.0.3,"","2.0.0-beta3"
619,12432553,OPENJPA-1232,2.0.0-M2,1.0.3,"2.0.0-M2","2.0.0-M3"
620,12432427,OPENJPA-1230,2.0.0-M3,1.0.3,"2.0.0-M3","2.0.0-M3"
621,12432298,OPENJPA-1227,1.2.1,1.0.3,"1.2.1","2.0.0-M3"
622,12432220,OPENJPA-1226,N/A,1.0.3,"","2.0.0-M3;1.2.3"
623,12432116,OPENJPA-1224,1.2.1,1.0.3,"1.2.1","2.0.0-beta"
624,12432086,OPENJPA-1221,2.0.0,1.0.3,"2.0.0","2.0.0-M3"
625,12431940,OPENJPA-1218,2.0.0-M1,1.0.3,"2.0.0-M1;2.0.0-M2;2.0.0","2.0.0-M3"
626,12431899,OPENJPA-1217,2.0.0-M2,1.0.3,"2.0.0-M2","2.0.0-M3"
627,12431808,OPENJPA-1211,2.0.0-M2,1.0.3,"2.0.0-M2","2.0.0-M3"
628,12431718,OPENJPA-1206,2.0.0-M2,1.0.3,"2.0.0-M2;2.0.0","2.0.0-M3"
629,12431715,OPENJPA-1205,1.2.1,1.0.3,"1.2.1","2.0.0-M3"
630,12431662,OPENJPA-1204,N/A,1.0.3,"","2.0.0-M3"
631,12431654,OPENJPA-1203,2.0.0,1.0.3,"2.0.0","2.0.0-M3"
632,12431617,OPENJPA-1201,1.2.0,1.0.3,"1.2.0;1.2.1","2.0.0-M3"
633,12431612,OPENJPA-1200,2.0.0-M2,1.0.3,"2.0.0-M2","1.2.0;2.0.0-M3"
634,12431515,OPENJPA-1197,1.0.3,1.0.3,"1.0.3;1.2.1","1.2.2;2.0.0-beta;1.0.4"
635,12431056,OPENJPA-1189,2.0.0-beta,1.0.3,"2.0.0-beta","2.0.0-beta"
636,12430947,OPENJPA-1185,2.0.0-M3,1.0.3,"2.0.0-M3","2.0.0-beta"
637,12430939,OPENJPA-1184,1.2.1,1.0.3,"1.2.1","2.0.0-M3"
638,12430079,OPENJPA-1174,2.0.0,1.0.3,"2.0.0","1.2.0;2.0.0-M3"
639,12429866,OPENJPA-1168,N/A,1.0.3,"","2.0.0-M3"
640,12429844,OPENJPA-1165,1.2.1,1.0.3,"1.2.1",""
641,12429818,OPENJPA-1163,N/A,1.0.3,"","1.2.0;2.0.0-M3"
642,12429621,OPENJPA-1160,N/A,1.0.3,"","2.0.0"
643,12429521,OPENJPA-1159,2.0.0-M2,1.0.3,"2.0.0-M2","2.0.0-M3"
644,12429508,OPENJPA-1158,2.0.0,1.0.3,"2.0.0","2.0.0-M3"
645,12429404,OPENJPA-1156,1.2.2,1.0.3,"1.2.2;2.0.0","2.0.0-M3;1.2.2"
646,12429397,OPENJPA-1155,2.0.0,1.0.3,"2.0.0","2.0.0-M3"
647,12428598,OPENJPA-1142,2.0.0-M3,1.0.3,"2.0.0-M3","2.0.0-beta"
648,12428375,OPENJPA-1141,1.2.0,1.0.3,"1.2.0","1.2.2;2.0.0-beta"
649,12428151,OPENJPA-1139,2.0.0,1.0.3,"2.0.0","2.0.0-M3"
650,12427677,OPENJPA-1135,2.0.0,1.0.3,"2.0.0","2.0.0-M3"
651,12427606,OPENJPA-1133,2.0.0,1.0.3,"2.0.0","1.2.0;2.0.0-M3"
652,12427582,OPENJPA-1132,2.0.0,1.0.3,"2.0.0","2.0.0-M3"
653,12427388,OPENJPA-1129,2.0.0,1.0.3,"2.0.0","2.0.0-M2;2.0.0-M3"
654,12427276,OPENJPA-1127,1.2.1,1.0.3,"1.2.1;2.0.0","2.0.0-M3"
655,12427229,OPENJPA-1125,2.0.0,1.0.3,"2.0.0","2.0.0-M3"
656,12427202,OPENJPA-1121,1.2.1,1.0.3,"1.2.1","2.0.0-M3"
657,12427192,OPENJPA-1120,1.1.0,1.0.3,"1.1.0;1.0.3;1.2.1;2.0.0","2.0.0-M3"
658,12427147,OPENJPA-1119,2.0.0,1.0.3,"2.0.0","2.0.0-M3"
659,12427049,OPENJPA-1117,2.0.0,1.0.3,"2.0.0","2.0.0-M3"
660,12427028,OPENJPA-1116,2.0.0-M2,1.0.3,"2.0.0-M2","2.0.0-M3"
661,12426109,OPENJPA-1100,1.2.1,1.0.3,"1.2.1;2.0.0-M2","2.0.0-M3"
662,12426042,OPENJPA-1099,1.1.0,1.0.3,"1.1.0;1.2.0;1.2.1","2.0.0-M2"
663,12426020,OPENJPA-1097,2.0.0-M1,1.0.3,"2.0.0-M1;1.2.2","2.0.0-beta3"
664,12425610,OPENJPA-1091,1.2.1,1.0.3,"1.2.1;2.0.0-M2","2.0.0;1.2.3"
665,12425591,OPENJPA-1088,2.0.0-M2,1.0.3,"2.0.0-M2","2.0.0-M2"
666,12424940,OPENJPA-1074,2.0.0-M2,1.0.3,"2.0.0-M2","2.0.0-M3"
667,12424829,OPENJPA-1072,2.0.0-M2,1.0.3,"2.0.0-M2","2.0.0-M2"
668,12424800,OPENJPA-1070,1.2.1,1.0.3,"1.2.1;2.0.0-M2","2.0.0-M2"
669,12424719,OPENJPA-1067,1.0.3,1.0.3,"1.0.3;1.2.1;2.0.0-M2","2.0.0-M2;1.2.2;1.0.4"
670,12424648,OPENJPA-1065,2.0.0-M2,1.0.3,"2.0.0-M2","2.0.0-M3"
671,12424625,OPENJPA-1061,1.2.0,1.0.3,"1.2.0;1.2.1","2.0.0-M3;1.2.2;1.0.4"
672,12424543,OPENJPA-1060,2.0.0-M2,1.0.3,"2.0.0-M2","2.0.0-M2"
673,12424186,OPENJPA-1054,N/A,1.0.3,"","2.0.0-M2"
674,12424125,OPENJPA-1053,2.0.0-M2,1.0.3,"2.0.0-M2","2.0.0-M2"
675,12424056,OPENJPA-1051,1.0.0,1.0.3,"1.0.0;2.0.0-M2","1.2.0;2.0.0-M2"
676,12423531,OPENJPA-1049,1.2.1,1.0.3,"1.2.1;2.0.0-M2","2.0.0-M3"
677,12423526,OPENJPA-1046,N/A,1.0.3,"","2.0.0-beta"
678,12423380,OPENJPA-1043,1.2.1,1.0.3,"1.2.1;2.0.0-M2","2.0.0-M3"
679,12422962,OPENJPA-1041,2.0.0-M2,1.0.3,"2.0.0-M2","2.0.0-M2"
680,12422851,OPENJPA-1039,N/A,1.0.3,"","2.0.0-M1"
681,12422506,OPENJPA-1031,N/A,1.0.3,"","2.0.0-M2"
682,12422393,OPENJPA-1029,2.0.0-M2,1.0.3,"2.0.0-M2","2.0.0-M2;1.2.2;1.0.4"
683,12422304,OPENJPA-1028,2.0.0-M2,1.0.3,"2.0.0-M2","2.0.0-M2"
684,12422203,OPENJPA-1025,1.2.1,1.0.3,"1.2.1;2.0.0-M2","1.2.2;2.0.0-beta;1.0.4"
685,12421989,OPENJPA-1020,1.2.1,1.0.3,"1.2.1;2.0.0-M2","2.0.0-beta"
686,12421572,OPENJPA-1006,1.2.1,1.0.3,"1.2.1;2.0.0-M2","1.2.0;2.0.0-M2"
687,12421561,OPENJPA-1004,2.0.0-M2,1.0.3,"2.0.0-M2;1.2.2","2.0.0-M2"
688,12421534,OPENJPA-1002,1.1.0,1.0.3,"1.1.0;1.2.1;2.0.0-M2","1.2.0;2.0.0-M3"
689,12421510,OPENJPA-1001,1.2.1,1.0.3,"1.2.1","2.0.0-beta2;1.2.3"
690,12419407,OPENJPA-999,2.0.0-M2,1.0.3,"2.0.0-M2","2.0.0-M2"
691,12417380,OPENJPA-993,1.2.0,1.0.3,"1.2.0;1.2.1","2.0.0-beta"
692,12417325,OPENJPA-992,2.0.0-M2,1.0.3,"2.0.0-M2;1.2.2","2.0.0-M2"
693,12416999,OPENJPA-981,N/A,1.0.3,"","2.0.0-M2"
694,12416593,OPENJPA-973,N/A,1.0.3,"","2.0.0-M3"
695,12416552,OPENJPA-970,1.2.0,1.0.3,"1.2.0","2.0.0-M2"
696,12416339,OPENJPA-965,2.0.0-M2,1.0.3,"2.0.0-M2","2.0.0-M2"
697,12416213,OPENJPA-955,1.2.0,1.0.3,"1.2.0","2.0.0-M1;2.0.0-M2"
698,12416018,OPENJPA-951,1.2.1,1.0.3,"1.2.1;2.0.0-M2;1.0.4","1.2.1;2.0.0-M2;1.0.4"
699,12415888,OPENJPA-947,1.1.0,1.0.3,"1.1.0;1.0.3;1.2.0","2.0.0-M2"
700,12415697,OPENJPA-944,1.0.0,1.0.3,"1.0.0;1.0.1;1.0.2;1.1.0;1.0.3;1.2.0","2.0.0-beta"
701,12415537,OPENJPA-940,1.2.0,1.0.3,"1.2.0;2.0.0-M2","2.1.1"
702,12415279,OPENJPA-935,1.2.0,1.0.3,"1.2.0","1.2.0;2.0.0-M2"
703,12415276,OPENJPA-934,2.0.0-M2,1.0.3,"2.0.0-M2","2.0.0-M3"
704,12415270,OPENJPA-933,1.2.0,1.0.3,"1.2.0;2.0.0-M2","2.0.0-M2"
705,12415255,OPENJPA-932,1.2.0,1.0.3,"1.2.0;2.0.0-M1;2.0.0-M2","2.0.0-M3"
706,12415069,OPENJPA-927,2.0.0-M2,1.0.3,"2.0.0-M2","2.0.0-M2"
707,12415018,OPENJPA-925,1.2.0,1.0.3,"1.2.0;2.0.0-M1;1.2.1;2.0.0-M2","1.2.1;2.0.0-M2"
708,12414883,OPENJPA-922,1.2.0,1.0.3,"1.2.0;2.0.0-M2","2.0.0-M3"
709,12414494,OPENJPA-917,1.2.0,1.0.3,"1.2.0","1.2.1;2.0.0-M2;1.0.4"
710,12414419,OPENJPA-916,1.1.0,1.0.3,"1.1.0;1.2.0;2.0.0-M2","2.0.0-M2"
711,12414352,OPENJPA-913,1.2.0,1.0.3,"1.2.0","1.2.0;2.0.0-M2"
712,12414319,OPENJPA-912,1.2.0,1.0.3,"1.2.0;2.0.0-M1;1.2.1;2.0.0-M2","1.2.1;2.0.0-M2"
713,12414027,OPENJPA-898,1.2.0,1.0.3,"1.2.0","2.0.0-M2"
714,12414006,OPENJPA-896,1.1.0,1.0.3,"1.1.0;1.0.3;1.2.0","2.0.0-M2;1.2.2;1.0.4"
715,12413816,OPENJPA-890,1.1.0,1.0.3,"1.1.0;1.0.3;1.2.0;2.0.0-M1;2.0.0-M2","2.0.0-M3"
716,12413724,OPENJPA-887,2.0.0-M1,1.0.3,"2.0.0-M1;2.0.0-M2","2.0.0-M2"
717,12413662,OPENJPA-886,2.0.0-M2,1.0.3,"2.0.0-M2","2.0.0-M1;2.0.0-M2"
718,12413623,OPENJPA-884,1.2.0,1.0.3,"1.2.0;2.0.0-M1;1.2.1;2.0.0-M2","2.0.0-M2"
719,12413618,OPENJPA-883,1.2.0,1.0.3,"1.2.0;2.0.0-M1;1.2.1;2.0.0-M2","2.0.0-M2"
720,12413299,OPENJPA-873,1.2.0,1.0.3,"1.2.0","2.0.0-M2;1.2.2;1.0.4"
721,12413221,OPENJPA-872,1.2.0,1.0.3,"1.2.0","1.2.1;2.0.0-M2"
722,12413100,OPENJPA-867,1.2.0,1.0.3,"1.2.0;2.0.0-M2","2.2.0"
723,12413092,OPENJPA-866,1.2.0,1.0.3,"1.2.0;2.0.0-M2","2.0.0-M2"
724,12412951,OPENJPA-864,1.0.3,1.0.3,"1.0.3;1.2.0","1.2.1;2.0.0-M2;1.0.4"
725,12412762,OPENJPA-863,1.2.0,1.0.3,"1.2.0;2.0.0-M2","2.0.0-M2"
726,12412683,OPENJPA-862,1.2.0,1.0.3,"1.2.0","1.2.1"
727,12412498,OPENJPA-860,1.2.0,1.0.3,"1.2.0",""
728,12412382,OPENJPA-859,2.0.0-M2,1.0.3,"2.0.0-M2","2.0.0-beta"
729,12411987,OPENJPA-853,1.2.0,1.0.3,"1.2.0","1.2.1;2.0.0-M2"
730,12411523,OPENJPA-847,2.0.0-M2,1.0.3,"2.0.0-M2","2.0.0-M2"
731,12411263,OPENJPA-845,N/A,1.0.3,"","2.0.0-M1"
732,12411253,OPENJPA-844,N/A,1.0.3,"",""
733,12411187,OPENJPA-843,2.0.0-M2,1.0.3,"2.0.0-M2","1.2.1;2.0.0-M2"
734,12411068,OPENJPA-838,1.2.0,1.0.3,"1.2.0","1.2.1;2.0.0-M2"
735,12411045,OPENJPA-836,1.2.0,1.0.3,"1.2.0","2.0.0-M2"
736,12411017,OPENJPA-835,1.2.0,1.0.3,"1.2.0;1.2.1;2.0.0-M2","1.2.1;2.0.0-M2"
737,12411004,OPENJPA-834,2.0.0-M2,1.0.3,"2.0.0-M2","2.0.0-M2"
738,12410754,OPENJPA-828,N/A,1.0.3,"","2.0.0-M1;2.0.0-M2;1.2.3"
739,12410528,OPENJPA-825,2.0.0-M2,1.0.3,"2.0.0-M2","2.0.0-M1"
740,12410435,OPENJPA-824,N/A,1.0.3,"","2.0.0-M1"
741,12410326,OPENJPA-821,2.0.0-M1,1.0.3,"2.0.0-M1","2.0.0-M1"
742,12410312,OPENJPA-820,2.0.0-M2,1.0.3,"2.0.0-M2",""
743,12410224,OPENJPA-819,2.0.0-M2,1.0.3,"2.0.0-M2","2.0.0-M2"
744,12410112,OPENJPA-818,2.0.0-M2,1.0.3,"2.0.0-M2","2.0.0-M2"
745,12410006,OPENJPA-815,N/A,1.0.3,"","2.0.0-M2"
746,12409867,OPENJPA-812,2.0.0-M1,1.0.3,"2.0.0-M1","2.0.0-M1"
747,12409788,OPENJPA-811,1.2.0,1.0.3,"1.2.0;2.0.0-M2","1.2.1;2.0.0-M2"
748,12409567,OPENJPA-801,2.0.0-M1,1.0.3,"2.0.0-M1","2.0.0-M1"
749,12409520,OPENJPA-799,2.0.0-M1,1.0.3,"2.0.0-M1","2.0.0-M1"
750,12409470,OPENJPA-798,2.0.0-M2,1.0.3,"2.0.0-M2","2.0.0-M2"
751,12409467,OPENJPA-797,2.0.0-M2,1.0.3,"2.0.0-M2",""
752,12409401,OPENJPA-795,1.2.0,1.0.3,"1.2.0","2.0.0-M2"
753,12409358,OPENJPA-794,2.0.0-M1,1.0.3,"2.0.0-M1","2.0.0-M1"
754,12409296,OPENJPA-792,2.0.0-M2,1.0.3,"2.0.0-M2","2.0.0-M2"
755,12409284,OPENJPA-789,2.0.0-M2,1.0.3,"2.0.0-M2","2.0.0-M3"
756,12409239,OPENJPA-787,2.0.0-M2,1.0.3,"2.0.0-M2","2.0.0-M2"
757,12408961,OPENJPA-777,1.2.0,1.0.3,"1.2.0;1.2.1;2.0.0-M2","1.2.1;2.0.0-M2"
758,12408793,OPENJPA-774,1.1.0,1.0.3,"1.1.0;1.2.0;2.0.0-M2","2.0.0-beta3"
759,12408184,OPENJPA-764,N/A,1.0.3,"","2.0.0-M2"
760,12407809,OPENJPA-762,1.2.0,1.0.3,"1.2.0","1.2.1;2.0.0-M2"
761,12407802,OPENJPA-761,1.1.0,1.0.3,"1.1.0;1.2.1;2.0.0-M2;1.0.4","2.0.0-M2"
762,12407487,OPENJPA-755,N/A,1.0.3,"","1.2.1;2.0.0-M2"
763,12407285,OPENJPA-753,1.2.1,1.0.3,"1.2.1",""
764,12407114,OPENJPA-751,N/A,1.0.3,"","2.0.0-M2"
765,12406711,OPENJPA-750,N/A,1.0.3,"",""
766,12406615,OPENJPA-748,1.2.0,1.0.3,"1.2.0","2.0.0-beta"
767,12406339,OPENJPA-745,1.2.0,1.0.3,"1.2.0","1.2.1"
768,12406176,OPENJPA-743,1.2.0,1.0.3,"1.2.0",""
769,12405967,OPENJPA-740,1.2.0,1.0.3,"1.2.0;1.2.1;2.0.0-M3;1.2.2;2.0.0-beta;2.0.0-beta2","2.0.0-beta3"
770,12405163,OPENJPA-733,1.2.0,1.0.3,"1.2.0","1.2.1"
771,12405004,OPENJPA-732,1.2.1,1.0.3,"1.2.1","2.0.0-M2;1.2.2"
772,12404757,OPENJPA-731,1.2.0,1.0.3,"1.2.0;1.2.1","1.2.1"
773,12404526,OPENJPA-727,N/A,1.0.3,"","1.2.1;1.0.4"
774,12404303,OPENJPA-724,1.2.0,1.0.3,"1.2.0","1.2.1;1.0.4"
775,12404089,OPENJPA-719,1.1.0,1.0.3,"1.1.0;1.0.3;1.2.0;1.2.1;1.0.4","1.2.1"
776,12403677,OPENJPA-715,1.0.0,1.0.3,"1.0.0;1.1.0;1.2.0","1.2.1;1.0.4"
777,12403675,OPENJPA-714,1.1.0,1.0.3,"1.1.0;1.2.0","1.2.2;2.0.0-beta"
778,12403673,OPENJPA-713,1.0.3,1.0.3,"1.0.3;1.2.0","1.2.1;1.0.4"
779,12403621,OPENJPA-712,1.2.1,1.0.3,"1.2.1","1.2.3"
780,12403595,OPENJPA-711,1.2.0,1.0.3,"1.2.0","1.2.1;1.0.4"
781,12403562,OPENJPA-710,1.0.0,1.0.3,"1.0.0;1.0.1;1.0.2;1.1.0;1.0.3;1.2.0;1.2.1;1.0.4","1.2.0;1.2.1;1.0.4"
782,12403029,OPENJPA-705,N/A,1.0.3,"",""
783,12402997,OPENJPA-702,N/A,1.0.3,"","1.2.1"
784,12402892,OPENJPA-700,N/A,1.0.3,"",""
785,12402891,OPENJPA-699,1.0.0,1.0.3,"1.0.0","2.0.0-M1"
786,12402882,OPENJPA-698,N/A,1.0.3,"",""
787,12402836,OPENJPA-697,2.0.0,1.0.3,"2.0.0",""
788,12402799,OPENJPA-696,1.0.0,1.0.3,"1.0.0;1.0.1;1.0.2;1.1.0;1.0.3;1.2.0","2.3.0"
789,12402649,OPENJPA-695,1.2.0,1.0.3,"1.2.0",""
790,12402261,OPENJPA-693,N/A,1.0.3,"",""
791,12402066,OPENJPA-692,N/A,1.0.3,"",""
792,12402031,OPENJPA-685,N/A,1.0.3,"","1.2.1;1.0.4"
793,12401950,OPENJPA-680,1.2.0,1.0.3,"1.2.0;1.2.1","1.2.0;2.0.0-M1;1.2.2"
794,12401930,OPENJPA-679,N/A,1.0.3,"","1.2.1"
795,12401913,OPENJPA-678,1.1.0,1.0.3,"1.1.0","0.9.7;1.2.0"
796,12401800,OPENJPA-677,1.1.0,1.0.3,"1.1.0;1.2.0;1.2.1","2.0.0-M1;1.2.3"
797,12401793,OPENJPA-676,1.2.0,1.0.3,"1.2.0","1.2.1"
798,12401748,OPENJPA-674,N/A,1.0.3,"","1.2.0"
799,12401267,OPENJPA-670,1.2.0,1.0.3,"1.2.0","1.2.0"
800,12401190,OPENJPA-669,0.9.6,1.0.3,"0.9.6;0.9.7;1.0.0;1.0.1;1.0.2;1.1.0;1.0.3","1.2.0"
801,12401185,OPENJPA-668,1.2.0,1.0.3,"1.2.0","1.2.0"
802,12400929,OPENJPA-665,N/A,1.0.3,"","1.2.0"
803,12400918,OPENJPA-664,N/A,1.0.3,"","1.2.0"
804,12400506,OPENJPA-662,N/A,1.0.2,"","2.0.0-M1"
805,12400364,OPENJPA-660,1.0.0,1.0.2,"1.0.0;1.0.1;1.0.2;1.1.0;1.0.3;1.2.0;1.0.4","1.2.0"
806,12400230,OPENJPA-659,1.1.0,1.0.2,"1.1.0","1.2.0"
807,12400074,OPENJPA-657,N/A,1.0.2,"","1.2.0"
808,12400050,OPENJPA-656,1.2.0,1.0.2,"1.2.0","1.2.0"
809,12399810,OPENJPA-654,1.1.0,1.0.2,"1.1.0","1.2.0"
810,12399726,OPENJPA-653,1.2.0,1.0.2,"1.2.0","1.2.0"
811,12399467,OPENJPA-650,1.0.2,1.0.2,"1.0.2;1.1.0;1.0.3;1.2.0","1.2.1;1.0.4"
812,12399304,OPENJPA-647,1.1.0,1.0.2,"1.1.0","1.2.0"
813,12399184,OPENJPA-646,1.2.0,1.0.2,"1.2.0","1.2.1"
814,12399111,OPENJPA-645,1.1.0,1.0.2,"1.1.0;1.0.3","1.2.0;2.0.0-M1;1.0.4"
815,12399110,OPENJPA-644,1.2.0,1.0.2,"1.2.0","1.2.0;1.0.4"
816,12398930,OPENJPA-642,N/A,1.0.2,"","1.2.0"
817,12398823,OPENJPA-640,1.0.2,1.0.2,"1.0.2;1.1.0;1.2.0","2.0.0-beta3"
818,12398364,OPENJPA-637,1.2.0,1.0.2,"1.2.0","1.2.0"
819,12398017,OPENJPA-634,1.2.0,1.0.2,"1.2.0","1.2.0"
820,12397984,OPENJPA-632,1.0.1,1.0.2,"1.0.1;1.0.2","1.0.3"
821,12397845,OPENJPA-630,1.0.2,1.0.2,"1.0.2;1.1.0","1.2.0"
822,12397825,OPENJPA-629,1.2.0,1.0.2,"1.2.0","1.2.0;1.0.4"
823,12397816,OPENJPA-628,1.1.0,1.0.2,"1.1.0","1.2.0"
824,12397581,OPENJPA-625,1.1.0,1.0.2,"1.1.0","1.2.0"
825,12397505,OPENJPA-622,1.1.0,1.0.2,"1.1.0;1.0.3;1.2.0","1.2.0;1.0.4"
826,12397311,OPENJPA-619,1.1.0,1.0.2,"1.1.0","1.2.0"
827,12397095,OPENJPA-618,1.1.0,1.0.2,"1.1.0",""
828,12397037,OPENJPA-617,N/A,1.0.2,"","1.2.0"
829,12396945,OPENJPA-614,N/A,1.0.2,"","1.2.0"
830,12396785,OPENJPA-612,N/A,1.0.2,"","1.2.0"
831,12396602,OPENJPA-607,N/A,1.0.2,"","1.2.0"
832,12396467,OPENJPA-606,1.2.0,1.0.2,"1.2.0","1.2.0;1.0.4"
833,12396441,OPENJPA-605,N/A,1.0.2,"","1.2.0;1.0.4"
834,12396006,OPENJPA-602,1.1.0,1.0.2,"1.1.0","1.2.0"
835,12395679,OPENJPA-597,1.1.0,1.0.2,"1.1.0","1.1.0"
836,12395662,OPENJPA-596,N/A,1.0.2,"","1.2.0"
837,12395647,OPENJPA-595,1.2.0,1.0.2,"1.2.0","1.1.0;1.2.0"
838,12395643,OPENJPA-594,1.0.1,1.0.2,"1.0.1;1.0.2","1.1.0;1.2.0;1.0.4"
839,12395270,OPENJPA-590,N/A,1.0.2,"","1.2.0"
840,12395269,OPENJPA-589,N/A,1.0.2,"","1.1.0;1.2.0"
841,12395219,OPENJPA-588,N/A,1.0.2,"","1.1.0"
842,12395211,OPENJPA-587,1.1.0,1.0.2,"1.1.0","1.1.0"
843,12395166,OPENJPA-586,N/A,1.0.2,"","1.2.0"
844,12395152,OPENJPA-585,1.1.0,1.0.2,"1.1.0","1.1.0"
845,12394613,OPENJPA-581,1.1.0,1.0.2,"1.1.0;1.0.3;1.2.0","1.2.0"
846,12394586,OPENJPA-580,N/A,1.0.2,"","1.2.0;2.0.0-M2"
847,12394469,OPENJPA-579,1.1.0,1.0.2,"1.1.0","1.1.0"
848,12394345,OPENJPA-577,1.1.0,1.0.2,"1.1.0","1.1.0"
849,12394312,OPENJPA-576,N/A,1.0.2,"","1.1.0"
850,12394163,OPENJPA-574,1.1.0,1.0.2,"1.1.0;1.2.0","1.2.0"
851,12394155,OPENJPA-573,1.0.2,1.0.2,"1.0.2;1.1.0","1.1.0;1.2.0;1.0.4"
852,12393768,OPENJPA-568,1.1.0,1.0.2,"1.1.0","1.1.0"
853,12393637,OPENJPA-567,1.0.2,1.0.2,"1.0.2","1.1.0;1.2.0"
854,12393501,OPENJPA-566,1.0.2,1.0.2,"1.0.2",""
855,12393479,OPENJPA-565,1.0.2,1.0.2,"1.0.2;1.1.0;1.0.3","1.1.0;1.0.3;1.2.0"
856,12393460,OPENJPA-562,1.1.0,1.0.2,"1.1.0","1.1.0"
857,12393154,OPENJPA-559,1.1.0,1.0.2,"1.1.0;1.0.3","1.1.0;1.0.3"
858,12393093,OPENJPA-557,1.0.2,1.0.2,"1.0.2","2.0.0-M2"
859,12392967,OPENJPA-554,1.0.2,1.0.2,"1.0.2","1.0.3"
860,12392960,OPENJPA-552,1.0.2,1.0.2,"1.0.2;1.1.0;1.0.3","1.1.0;1.0.3"
861,12392850,OPENJPA-550,1.0.2,1.0.2,"1.0.2",""
862,12392499,OPENJPA-547,N/A,1.0.2,"","1.1.0;1.0.3"
863,12392195,OPENJPA-543,1.0.0,1.0.2,"1.0.0;1.0.1;1.0.2","1.1.0;1.0.3"
864,12392192,OPENJPA-542,1.0.0,1.0.2,"1.0.0;1.0.1;1.0.2","1.1.0;1.0.3"
865,12391919,OPENJPA-540,1.0.0,1.0.2,"1.0.0;1.0.1;1.0.2;1.1.0;1.0.3","1.1.0;1.0.3"
866,12391913,OPENJPA-539,1.1.0,1.0.2,"1.1.0","1.1.0"
867,12391600,OPENJPA-537,1.0.0,1.0.2,"1.0.0;1.0.1;1.0.2","1.1.0;1.0.3"
868,12390908,OPENJPA-536,1.0.2,1.0.2,"1.0.2;1.0.3","1.1.0;1.0.4"
869,12390765,OPENJPA-535,1.0.2,1.0.2,"1.0.2","1.1.0;1.0.3"
870,12390340,OPENJPA-533,1.0.0,1.0.2,"1.0.0","1.2.0"
871,12390281,OPENJPA-532,1.1.0,1.0.2,"1.1.0","1.1.0"
872,12390015,OPENJPA-530,1.1.0,1.0.2,"1.1.0","1.1.0"
873,12389926,OPENJPA-528,N/A,1.0.2,"",""
874,12389807,OPENJPA-527,1.0.2,1.0.2,"1.0.2","1.0.3"
875,12389723,OPENJPA-526,1.0.0,1.0.2,"1.0.0;1.0.2;1.1.0;1.2.0","2.1.0"
876,12389721,OPENJPA-525,1.0.0,1.0.2,"1.0.0;1.0.2;1.1.0;1.2.1;2.0.0","1.2.0;2.0.0-M3"
877,12389607,OPENJPA-524,1.0.2,1.0.2,"1.0.2",""
878,12388826,OPENJPA-518,1.0.1,1.0.1,"1.0.1","1.1.0;1.0.3"
879,12388710,OPENJPA-516,1.0.0,1.0.1,"1.0.0;1.0.1;1.0.2","1.1.0"
880,12388149,OPENJPA-512,0.9.0,1.0.1,"0.9.0;0.9.6;0.9.7;1.0.0;1.0.1","1.1.0;1.0.3"
881,12387935,OPENJPA-511,1.0.1,1.0.1,"1.0.1","1.0.2;1.1.0"
882,12387914,OPENJPA-509,N/A,1.0.1,"","1.1.0"
883,12387668,OPENJPA-508,1.0.0,1.0.1,"1.0.0;1.0.1","1.0.2;1.1.0"
884,12387565,OPENJPA-506,1.1.0,1.0.1,"1.1.0","1.0.2;1.1.0"
885,12387408,OPENJPA-505,1.1.0,1.0.1,"1.1.0","1.1.0"
886,12387171,OPENJPA-504,N/A,1.0.1,"","1.1.0;1.2.0"
887,12386661,OPENJPA-498,1.1.0,1.0.1,"1.1.0","1.1.0"
888,12386583,OPENJPA-497,1.0.1,1.0.1,"1.0.1",""
889,12386431,OPENJPA-495,N/A,1.0.1,"",""
890,12386359,OPENJPA-494,1.0.0,1.0.1,"1.0.0;1.0.1;1.1.0","1.2.0"
891,12386357,OPENJPA-493,1.0.0,1.0.1,"1.0.0;1.0.1","1.0.3;1.2.0"
892,12386336,OPENJPA-489,1.0.0,1.0.1,"1.0.0;1.0.1","1.1.0"
893,12386206,OPENJPA-485,N/A,1.0.1,"","1.2.0"
894,12386057,OPENJPA-484,1.0.1,1.0.1,"1.0.1;1.1.0","1.1.0"
895,12385941,OPENJPA-481,1.1.0,1.0.1,"1.1.0",""
896,12385784,OPENJPA-478,1.2.2,1.0.1,"1.2.2;2.1.0","2.2.0"
897,12384986,OPENJPA-472,1.0.1,1.0.1,"1.0.1","1.0.2;1.1.0"
898,12384980,OPENJPA-471,1.0.1,1.0.1,"1.0.1","1.0.2;1.1.0"
899,12384952,OPENJPA-470,0.9.0,1.0.1,"0.9.0;0.9.6;0.9.7;1.0.0;1.0.1","1.2.0"
900,12384540,OPENJPA-466,1.0.0,1.0.1,"1.0.0;1.0.1;1.1.0;1.2.0","2.0.0-M3;1.2.2;1.0.4"
901,12384438,OPENJPA-464,1.1.0,1.0.1,"1.1.0","1.1.0"
902,12384082,OPENJPA-462,0.9.7,1.0.1,"0.9.7","1.2.0"
903,12384032,OPENJPA-460,1.1.0,1.0.1,"1.1.0","1.1.0"
904,12383999,OPENJPA-459,1.0.0,1.0.1,"1.0.0","2.0.0-beta"
905,12383824,OPENJPA-458,1.0.1,1.0.1,"1.0.1","1.2.0"
906,12383754,OPENJPA-457,0.9.7,1.0.1,"0.9.7;1.0.0;1.0.1",""
907,12383584,OPENJPA-456,1.1.0,1.0.1,"1.1.0","1.1.0;1.2.0"
908,12383365,OPENJPA-455,1.0.0,1.0.1,"1.0.0;1.0.1","1.1.0"
909,12383213,OPENJPA-452,N/A,1.0.1,"","1.0.2;1.1.0"
910,12382839,OPENJPA-447,1.1.0,1.0.1,"1.1.0","1.0.2;1.1.0"
911,12382814,OPENJPA-446,1.0.1,1.0.1,"1.0.1","1.0.2;1.1.0"
912,12382601,OPENJPA-443,1.1.0,1.0.1,"1.1.0",""
913,12382539,OPENJPA-442,1.1.0,1.0.1,"1.1.0;1.2.0","1.2.0"
914,12382247,OPENJPA-440,1.0.0,1.0.1,"1.0.0;1.1.0","1.1.0"
915,12382245,OPENJPA-439,0.9.0,1.0.1,"0.9.0;0.9.6;0.9.7;1.0.0;1.0.1;1.0.2;1.1.0","1.1.0"
916,12382161,OPENJPA-438,1.0.0,1.0.1,"1.0.0",""
917,12382100,OPENJPA-437,1.0.0,1.0.0,"1.0.0;1.0.1;1.0.2;1.1.0","1.0.2;1.1.0"
918,12381890,OPENJPA-434,1.0.0,1.0.0,"1.0.0",""
919,12381666,OPENJPA-429,1.1.0,1.0.0,"1.1.0","1.1.0"
920,12381637,OPENJPA-428,1.0.0,1.0.0,"1.0.0",""
921,12381620,OPENJPA-427,1.0.0,1.0.0,"1.0.0;1.1.0","1.1.0"
922,12381492,OPENJPA-425,1.0.0,1.0.0,"1.0.0",""
923,12381369,OPENJPA-424,1.0.0,1.0.0,"1.0.0",""
924,12381324,OPENJPA-423,0.9.6,1.0.0,"0.9.6;0.9.7;1.0.0","1.0.1;1.1.0"
925,12381307,OPENJPA-422,1.0.0,1.0.0,"1.0.0","1.0.1;1.1.0"
926,12381285,OPENJPA-421,1.0.0,1.0.0,"1.0.0;1.0.1;1.1.0","1.0.1;1.1.0"
927,12381222,OPENJPA-420,1.0.0,1.0.0,"1.0.0","1.0.2;1.1.0"
928,12381214,OPENJPA-419,0.9.0,1.0.0,"0.9.0;0.9.6;0.9.7;1.0.0","1.0.2;1.1.0"
929,12381084,OPENJPA-416,0.9.6,1.0.0,"0.9.6;0.9.7;1.0.0","1.0.1;1.1.0"
930,12381075,OPENJPA-415,1.0.1,1.0.0,"1.0.1;1.1.0","1.0.1;1.1.0"
931,12380988,OPENJPA-413,1.0.0,1.0.0,"1.0.0","1.0.1;1.1.0"
932,12380777,OPENJPA-410,1.0.0,1.0.0,"1.0.0;1.0.1;1.1.0","1.0.1;1.1.0"
933,12380652,OPENJPA-409,1.0.0,1.0.0,"1.0.0;1.0.1;1.1.0","1.0.1;1.1.0"
934,12380561,OPENJPA-405,N/A,1.0.0,"","1.0.1;1.1.0"
935,12380475,OPENJPA-403,1.0.1,1.0.0,"1.0.1;1.1.0","1.0.1;1.1.0"
936,12380369,OPENJPA-402,1.0.1,1.0.0,"1.0.1;1.1.0","1.0.1;1.1.0"
937,12380246,OPENJPA-401,1.0.0,1.0.0,"1.0.0","1.0.1;1.0.2;1.1.0"
938,12380120,OPENJPA-399,1.0.1,1.0.0,"1.0.1","1.0.1;1.1.0"
939,12379875,OPENJPA-397,1.0.0,1.0.0,"1.0.0","1.0.1;1.1.0"
940,12379870,OPENJPA-396,1.0.0,1.0.0,"1.0.0;1.0.1;1.1.0","1.0.1;1.1.0"
941,12379868,OPENJPA-395,1.0.0,1.0.0,"1.0.0;1.0.1;1.1.0","1.0.1;1.1.0"
942,12379819,OPENJPA-394,1.0.1,1.0.0,"1.0.1","1.0.1"
943,12379817,OPENJPA-393,1.0.0,1.0.0,"1.0.0","1.2.0"
944,12379672,OPENJPA-392,0.9.0,1.0.0,"0.9.0;0.9.6;0.9.7;1.0.0","1.1.0"
945,12379432,OPENJPA-389,1.0.0,1.0.0,"1.0.0;1.0.1;1.1.0","1.0.1;1.1.0"
946,12379307,OPENJPA-388,1.0.0,1.0.0,"1.0.0","1.0.1;1.1.0"
947,12379251,OPENJPA-387,1.0.0,1.0.0,"1.0.0","1.0.1;1.1.0"
948,12379198,OPENJPA-386,0.9.7,1.0.0,"0.9.7;1.0.0;1.0.2;1.1.0;1.2.1","1.2.0;2.0.0-M3"
949,12379111,OPENJPA-385,1.0.0,1.0.0,"1.0.0;1.0.1;1.1.0","1.0.1;1.1.0"
950,12378997,OPENJPA-382,N/A,1.0.0,"","1.0.1;1.1.0"
951,12378883,OPENJPA-380,0.9.0,1.0.0,"0.9.0;0.9.6;0.9.7;1.0.0","1.0.1;1.1.0"
952,12378834,OPENJPA-379,0.9.0,1.0.0,"0.9.0;0.9.6;0.9.7;1.0.0","1.1.0"
953,12378786,OPENJPA-378,1.0.0,1.0.0,"1.0.0;1.0.1;1.1.0","1.0.1;1.1.0"
954,12378578,OPENJPA-375,1.0.0,1.0.0,"1.0.0;1.0.1;1.1.0","1.0.1;1.1.0"
955,12378298,OPENJPA-369,1.0.0,1.0.0,"1.0.0","1.0.1;1.1.0"
956,12378162,OPENJPA-368,0.9.7,1.0.0,"0.9.7;1.0.0","1.0.1;1.1.0"
957,12378065,OPENJPA-367,1.0.0,1.0.0,"1.0.0","1.0.1;1.0.2;1.1.0"
958,12378057,OPENJPA-366,1.0.0,1.0.0,"1.0.0","1.0.2;1.1.0"
959,12378020,OPENJPA-365,N/A,1.0.0,"","1.2.0"
960,12377993,OPENJPA-364,1.1.0,1.0.0,"1.1.0","1.1.0"
961,12377850,OPENJPA-363,0.9.0,1.0.0,"0.9.0;0.9.6;0.9.7;1.0.0",""
962,12377845,OPENJPA-361,1.0.0,1.0.0,"1.0.0","1.0.1;1.1.0"
963,12377828,OPENJPA-360,1.0.0,1.0.0,"1.0.0;1.0.1;1.1.0","1.0.1;1.1.0"
964,12377801,OPENJPA-359,1.0.0,1.0.0,"1.0.0","1.1.0"
965,12377792,OPENJPA-358,0.9.7,1.0.0,"0.9.7;1.0.0","1.0.1;1.1.0"
966,12377791,OPENJPA-357,0.9.7,1.0.0,"0.9.7;1.0.0","1.0.1;1.1.0"
967,12377780,OPENJPA-356,0.9.0,1.0.0,"0.9.0;0.9.6;0.9.7;1.0.0","1.0.1;1.1.0"
968,12377735,OPENJPA-355,1.0.0,1.0.0,"1.0.0","1.0.1;1.1.0"
969,12377707,OPENJPA-354,0.9.0,1.0.0,"0.9.0;0.9.6;0.9.7;1.0.0","1.1.0"
970,12377703,OPENJPA-353,1.0.0,1.0.0,"1.0.0","1.0.1;1.1.0"
971,12377533,OPENJPA-349,1.0.0,1.0.0,"1.0.0","1.2.0"
972,12377191,OPENJPA-347,1.0.0,1.0.0,"1.0.0","1.0.1;1.1.0"
973,12377181,OPENJPA-346,1.0.0,1.0.0,"1.0.0","1.0.1;1.1.0"
974,12377170,OPENJPA-345,0.9.0,1.0.0,"0.9.0;0.9.6;0.9.7;1.0.0",""
975,12377093,OPENJPA-343,0.9.7,1.0.0,"0.9.7;1.0.0","1.0.1;1.1.0"
976,12377008,OPENJPA-340,N/A,1.0.0,"","1.2.0"
977,12376942,OPENJPA-339,0.9.7,0.9.7,"0.9.7","1.0.1;1.1.0"
978,12376846,OPENJPA-335,1.0.0,0.9.7,"1.0.0","1.0.1;1.1.0"
979,12376745,OPENJPA-331,0.9.7,0.9.7,"0.9.7;1.0.0","1.0.2;1.1.0"
980,12376639,OPENJPA-329,N/A,0.9.7,"","1.0.2;1.1.0"
981,12376633,OPENJPA-327,1.0.0,0.9.7,"1.0.0",""
982,12376559,OPENJPA-326,0.9.7,0.9.7,"0.9.7","1.0.1;1.1.0"
983,12376553,OPENJPA-325,0.9.0,0.9.7,"0.9.0;0.9.6;0.9.7","1.0.0"
984,12376423,OPENJPA-323,1.0.0,0.9.7,"1.0.0","1.0.0"
985,12376279,OPENJPA-321,0.9.7,0.9.7,"0.9.7","1.0.0"
986,12376197,OPENJPA-320,0.9.7,0.9.7,"0.9.7","1.0.0"
987,12375994,OPENJPA-315,N/A,0.9.7,"","1.0.0"
988,12375989,OPENJPA-314,N/A,0.9.7,"","1.0.0"
989,12375808,OPENJPA-313,N/A,0.9.7,"","1.0.0"
990,12375716,OPENJPA-312,1.0.0,0.9.7,"1.0.0","1.0.0"
991,12375701,OPENJPA-311,0.9.0,0.9.7,"0.9.0;0.9.6;0.9.7;1.0.0","1.0.0"
992,12375463,OPENJPA-308,0.9.0,0.9.7,"0.9.0;0.9.6;0.9.7","1.0.0"
993,12375048,OPENJPA-304,0.9.7,0.9.7,"0.9.7","1.0.0"
994,12374998,OPENJPA-303,0.9.7,0.9.7,"0.9.7;1.0.0",""
995,12374571,OPENJPA-296,0.9.0,0.9.7,"0.9.0;0.9.6;0.9.7","1.0.0"
996,12374560,OPENJPA-295,0.9.6,0.9.7,"0.9.6","1.0.1;1.1.0"
997,12374259,OPENJPA-288,1.0.0,0.9.7,"1.0.0",""
998,12374203,OPENJPA-287,0.9.7,0.9.7,"0.9.7","1.0.0"
999,12374144,OPENJPA-286,0.9.7,0.9.7,"0.9.7;1.0.0;1.1.0","1.2.0"
1000,12373956,OPENJPA-285,1.0.0,0.9.7,"1.0.0","1.0.0"
1001,12373898,OPENJPA-284,1.0.0,0.9.7,"1.0.0","1.0.0"
1002,12373559,OPENJPA-283,N/A,0.9.7,"",""
1003,12373321,OPENJPA-282,N/A,0.9.7,"","1.0.1;1.1.0"
1004,12373309,OPENJPA-281,0.9.7,0.9.7,"0.9.7","1.0.0"
1005,12373206,OPENJPA-280,1.0.0,0.9.7,"1.0.0","1.0.0"
1006,12373103,OPENJPA-278,0.9.0,0.9.7,"0.9.0;0.9.6;0.9.7","1.0.0"
1007,12372784,OPENJPA-274,0.9.0,0.9.7,"0.9.0;0.9.6;0.9.7","1.0.0"
1008,12372712,OPENJPA-272,0.9.7,0.9.7,"0.9.7","1.0.0"
1009,12372693,OPENJPA-271,1.0.0,0.9.7,"1.0.0","1.0.0"
1010,12372533,OPENJPA-269,N/A,0.9.7,"","1.0.0"
1011,12371987,OPENJPA-261,0.9.7,0.9.7,"0.9.7",""
1012,12371491,OPENJPA-258,0.9.6,0.9.7,"0.9.6","1.0.2;1.1.0"
1013,12371488,OPENJPA-257,1.0.0,0.9.7,"1.0.0","1.0.0"
1014,12371316,OPENJPA-256,N/A,0.9.7,"","1.0.0"
1015,12371293,OPENJPA-255,0.9.7,0.9.7,"0.9.7;1.0.0","1.1.0"
1016,12371051,OPENJPA-251,0.9.7,0.9.7,"0.9.7","1.0.2;1.1.0"
1017,12370634,OPENJPA-248,0.9.7,0.9.7,"0.9.7","1.0.0"
1018,12370345,OPENJPA-245,0.9.6,0.9.7,"0.9.6;0.9.7","1.1.0;1.0.3"
1019,12370109,OPENJPA-244,1.0.0,0.9.7,"1.0.0","1.0.0"
1020,12369742,OPENJPA-241,1.0.0,0.9.7,"1.0.0","1.2.0"
1021,12368804,OPENJPA-237,0.9.7,0.9.7,"0.9.7","1.0.0"
1022,12368469,OPENJPA-233,0.9.7,0.9.7,"0.9.7","1.0.0"
1023,12368352,OPENJPA-231,0.9.7,0.9.7,"0.9.7","1.1.0"
1024,12368224,OPENJPA-230,0.9.0,0.9.7,"0.9.0;0.9.6;0.9.7","1.0.0"
1025,12368016,OPENJPA-229,0.9.0,0.9.6,"0.9.0;0.9.6;0.9.7","1.0.0"
1026,12368005,OPENJPA-228,0.9.6,0.9.6,"0.9.6;0.9.7",""
1027,12367509,OPENJPA-222,0.9.7,0.9.6,"0.9.7",""
1028,12367411,OPENJPA-220,0.9.7,0.9.6,"0.9.7","1.2.0"
1029,12367409,OPENJPA-219,0.9.0,0.9.6,"0.9.0;0.9.6;0.9.7","1.0.0"
1030,12367383,OPENJPA-218,0.9.6,0.9.6,"0.9.6;0.9.7","2.0.0-M2"
1031,12366995,OPENJPA-214,0.9.7,0.9.6,"0.9.7","0.9.7"
1032,12366751,OPENJPA-210,0.9.7,0.9.6,"0.9.7","1.2.0;1.0.4"
1033,12366750,OPENJPA-209,0.9.7,0.9.6,"0.9.7","1.2.0"
1034,12366747,OPENJPA-208,0.9.6,0.9.6,"0.9.6","0.9.7"
1035,12366739,OPENJPA-207,0.9.6,0.9.6,"0.9.6","2.0.0-M2"
1036,12366626,OPENJPA-203,0.9.0,0.9.6,"0.9.0;0.9.6","1.0.0"
1037,12366611,OPENJPA-202,0.9.7,0.9.6,"0.9.7","0.9.7"
1038,12366607,OPENJPA-200,0.9.7,0.9.6,"0.9.7",""
1039,12366605,OPENJPA-199,0.9.7,0.9.6,"0.9.7","1.0.0"
1040,12365984,OPENJPA-186,0.9.7,0.9.6,"0.9.7","0.9.7"
1041,12365962,OPENJPA-185,0.9.0,0.9.6,"0.9.0;0.9.6","0.9.7"
1042,12365816,OPENJPA-181,0.9.7,0.9.6,"0.9.7","0.9.7"
1043,12365700,OPENJPA-180,0.9.0,0.9.6,"0.9.0;0.9.6;0.9.7;1.0.0;1.1.0",""
1044,12365607,OPENJPA-179,0.9.6,0.9.6,"0.9.6;0.9.7","0.9.7"
1045,12365447,OPENJPA-177,0.9.6,0.9.6,"0.9.6","1.0.0"
1046,12365310,OPENJPA-175,0.9.0,0.9.6,"0.9.0;0.9.6","0.9.7"
1047,12365277,OPENJPA-174,0.9.6,0.9.6,"0.9.6","0.9.7"
1048,12364867,OPENJPA-173,0.9.6,0.9.6,"0.9.6",""
1049,12364581,OPENJPA-165,0.9.7,0.9.6,"0.9.7","1.0.0"
1050,12364095,OPENJPA-162,0.9.6,0.9.6,"0.9.6","0.9.7"
1051,12363281,OPENJPA-157,N/A,0.9.6,"","0.9.7"
1052,12363190,OPENJPA-155,N/A,0.9.6,"","0.9.7"
1053,12363186,OPENJPA-154,N/A,0.9.6,"","0.9.7"
1054,12362925,OPENJPA-150,N/A,0.9.6,"","0.9.7"
1055,12362833,OPENJPA-148,N/A,0.9.6,"","1.0.0"
1056,12362779,OPENJPA-146,N/A,0.9.6,"","0.9.7"
1057,12362708,OPENJPA-144,N/A,0.9.6,"","0.9.7"
1058,12362705,OPENJPA-143,N/A,0.9.6,"","1.0.0"
1059,12362662,OPENJPA-142,0.9.0,0.9.6,"0.9.0;0.9.6","0.9.7"
1060,12362454,OPENJPA-140,N/A,0.9.6,"","0.9.7"
1061,12362387,OPENJPA-139,N/A,0.9.6,"","0.9.7"
1062,12362266,OPENJPA-134,N/A,0.9.6,"","0.9.7"
1063,12362260,OPENJPA-133,N/A,0.9.6,"","0.9.7"
1064,12362259,OPENJPA-132,N/A,0.9.6,"","0.9.7"
1065,12361715,OPENJPA-123,N/A,0.9.6,"","2.0.0-M1;2.0.0-M2;2.0.0-M3;2.0.0-beta"
1066,12361713,OPENJPA-122,N/A,0.9.6,"","0.9.7"
1067,12361710,OPENJPA-121,N/A,0.9.6,"","0.9.7"
1068,12361701,OPENJPA-119,N/A,0.9.6,"","0.9.7"
1069,12361655,OPENJPA-118,N/A,0.9.6,"","0.9.7"
1070,12361513,OPENJPA-116,N/A,0.9.6,"","0.9.7"
1071,12361497,OPENJPA-115,N/A,0.9.6,"","0.9.7"
1072,12361229,OPENJPA-113,N/A,0.9.6,"","1.0.1;1.1.0"
1073,12361228,OPENJPA-112,N/A,0.9.6,"","1.2.0"
1074,12361226,OPENJPA-110,N/A,0.9.6,"","0.9.7"
1075,12361225,OPENJPA-109,N/A,0.9.6,"","0.9.7"
1076,12361222,OPENJPA-107,N/A,0.9.6,"","0.9.7"
1077,12360697,OPENJPA-104,N/A,0.9.6,"","0.9.7"
1078,12360675,OPENJPA-103,N/A,0.9.6,"","0.9.7"
1079,12360647,OPENJPA-102,N/A,0.9.6,"","0.9.7"
1080,12360237,OPENJPA-100,N/A,0.9.6,"","0.9.7"
1081,12360119,OPENJPA-98,N/A,0.9.6,"","0.9.7"
1082,12359284,OPENJPA-91,N/A,0.9.6,"",""
1083,12358746,OPENJPA-90,N/A,0.9.6,"",""
1084,12356226,OPENJPA-86,0.9.6,0.9.0,"0.9.6","1.0.0"
1085,12355776,OPENJPA-83,N/A,0.9.0,"","1.0.0"
1086,12355510,OPENJPA-80,N/A,0.9.0,"","0.9.7"
1087,12355182,OPENJPA-77,N/A,0.9.0,"","0.9.7"
1088,12354902,OPENJPA-76,N/A,0.9.0,"",""
1089,12354865,OPENJPA-75,N/A,0.9.0,"",""
1090,12354515,OPENJPA-74,N/A,0.9.0,"",""
1091,12354404,OPENJPA-73,N/A,0.9.0,"",""
1092,12354330,OPENJPA-71,0.9.0,0.9.0,"0.9.0;0.9.6","0.9.7"
1093,12354323,OPENJPA-70,N/A,0.9.0,"",""
1094,12354098,OPENJPA-68,N/A,0.9.0,"",""
1095,12353882,OPENJPA-67,N/A,0.9.0,"",""
1096,12352341,OPENJPA-62,N/A,0.9.0,"","0.9.7"
1097,12351985,OPENJPA-61,N/A,0.9.0,"","1.0.0"
1098,12351917,OPENJPA-60,N/A,0.9.0,"","0.9.7"
1099,12350944,OPENJPA-59,N/A,0.9.0,"",""
1100,12350572,OPENJPA-58,N/A,0.9.0,"",""
1101,12350360,OPENJPA-56,N/A,0.9.0,"","0.9.7"
1102,12350215,OPENJPA-54,N/A,0.9.0,"","0.9.7"
1103,12350214,OPENJPA-53,N/A,0.9.0,"","0.9.7"
1104,12350212,OPENJPA-51,1.0.0,0.9.0,"1.0.0;1.0.1;1.0.2;1.1.0;1.0.3;1.2.0;1.0.4","1.0.3;1.2.0"
1105,12350211,OPENJPA-50,N/A,0.9.0,"","0.9.7"
1106,12350208,OPENJPA-48,N/A,0.9.0,"","0.9.7"
1107,12350202,OPENJPA-46,N/A,0.9.0,"",""
1108,12349669,OPENJPA-44,N/A,0.9.0,"","1.2.0"
1109,12349437,OPENJPA-42,N/A,0.9.0,"",""
1110,12349362,OPENJPA-41,N/A,0.9.0,"","0.9.7"
1111,12348773,OPENJPA-35,0.9.0,0.9.0,"0.9.0;0.9.6","0.9.7"
1112,12348645,OPENJPA-34,N/A,N/A,"",""
1113,12348518,OPENJPA-32,N/A,N/A,"",""
1114,12348515,OPENJPA-31,N/A,N/A,"",""
1115,12348353,OPENJPA-28,N/A,N/A,"","1.2.0"
1116,12348347,OPENJPA-25,N/A,N/A,"","0.9.7"
1117,12348334,OPENJPA-24,N/A,N/A,"","0.9.7"
1118,12348117,OPENJPA-23,N/A,N/A,"","0.9.7"
1119,12348116,OPENJPA-22,N/A,N/A,"","0.9.7"
1120,12348112,OPENJPA-21,N/A,N/A,"","0.9.7"
1121,12348111,OPENJPA-20,N/A,N/A,"","1.2.0"
1122,12348107,OPENJPA-16,N/A,N/A,"","0.9.7"
1123,12348106,OPENJPA-15,N/A,N/A,"",""
1124,12348082,OPENJPA-14,N/A,N/A,"",""
1125,12347935,OPENJPA-13,N/A,N/A,"",""
1126,12347611,OPENJPA-9,N/A,N/A,"","1.1.0"
1127,12347347,OPENJPA-7,N/A,N/A,"",""
1128,12347016,OPENJPA-3,N/A,N/A,"",""
